dataset,driver_hash,preference_hash,rule_index,controller_type,bytecode_ops,penalty,compile_source,schema_valid_rbt_observed,raw_literal_redacted
20260529,ca3130d3fa70,04fabd1eb169,0,direct_violation_count,FILTER_ACTION;FIELD_MATCH;COUNT;COUNT_PER_ACTION;PENALTY;AUDIT_TOP_CANDIDATE,0.0,qwen_compile_cache_observed_but_monthly_rules_may_include_fallback,False,True
20260529,ca3130d3fa70,77eff289e983,1,direct_violation_count,FILTER_ACTION;FIELD_MATCH;COUNT;COUNT_PER_ACTION;PENALTY;AUDIT_TOP_CANDIDATE,2100.0,qwen_compile_cache_observed_but_monthly_rules_may_include_fallback,False,True
20260529,ca3130d3fa70,ecb47a6836ba,2,direct_violation_count,FILTER_ACTION;FIELD_MATCH;COUNT;COUNT_PER_ACTION;PENALTY;AUDIT_TOP_CANDIDATE,9600.0,qwen_compile_cache_observed_but_monthly_rules_may_include_fallback,False,True
20260529,ca3130d3fa70,f03d06d83475,3,full_inactive_day_quota,FULL_DAY_INACTIVE;ACTIVE_COVERAGE;COUNT;COUNT_CAPPED;PENALTY,10000.0,qwen_compile_cache_observed_but_monthly_rules_may_include_fallback,False,True
20260529,ca3130d3fa70,bb305f1afa6f,4,direct_violation_count,FILTER_ACTION;FIELD_MATCH;COUNT;COUNT_PER_ACTION;PENALTY;AUDIT_TOP_CANDIDATE,0.0,qwen_compile_cache_observed_but_monthly_rules_may_include_fallback,False,True
20260529,ec94d50c990d,41f1218965d2,0,direct_violation_count,FILTER_ACTION;FIELD_MATCH;COUNT;COUNT_PER_ACTION;PENALTY;AUDIT_TOP_CANDIDATE,0.0,qwen_compile_cache_observed_but_monthly_rules_may_include_fallback,False,True
20260529,ec94d50c990d,9ad0e0884abc,1,direct_violation_count,FILTER_ACTION;FIELD_MATCH;COUNT;COUNT_PER_ACTION;PENALTY;AUDIT_TOP_CANDIDATE,3400.0,qwen_compile_cache_observed_but_monthly_rules_may_include_fallback,False,True
20260529,ec94d50c990d,0c83da82cede,2,required_cargo_attribute_distinct_days,FIELD_MATCH;TAKE_FIELD_MATCH;COUNT;COUNT_DISTINCT_DAY;ASK_LINKER,6000.0,qwen_compile_cache_observed_but_monthly_rules_may_include_fallback,False,True
20260529,ec94d50c990d,28326a28551f,3,direct_violation_count,FILTER_ACTION;FIELD_MATCH;COUNT;COUNT_PER_ACTION;PENALTY;AUDIT_TOP_CANDIDATE,360.0,qwen_compile_cache_observed_but_monthly_rules_may_include_fallback,False,True
20260529,ec94d50c990d,719551cdb83c,4,full_inactive_day_quota,FULL_DAY_INACTIVE;ACTIVE_COVERAGE;COUNT;COUNT_CAPPED;PENALTY,0.0,qwen_compile_cache_observed_but_monthly_rules_may_include_fallback,False,True
20260529,ec94d50c990d,10a2883f649f,5,location_visit_or_dwell,POSITION_NEAR;DWELL_MINUTES;REPAIR,5000.0,qwen_compile_cache_observed_but_monthly_rules_may_include_fallback,False,True
20260529,ec94d50c990d,95661f2c0e5d,6,terminal_task,ORDERED_SEQUENCE;COUNT;COUNT_ONCE_IF_FAILED;REPAIR,5000.0,qwen_compile_cache_observed_but_monthly_rules_may_include_fallback,False,True
20260509,ca3130d3fa70,04fabd1eb169,0,direct_violation_count,FILTER_ACTION;FIELD_MATCH;COUNT;COUNT_PER_ACTION;PENALTY;AUDIT_TOP_CANDIDATE,0.0,qwen_compile_cache_observed_but_monthly_rules_may_include_fallback,False,True
20260509,ca3130d3fa70,e9aa9520be37,1,direct_violation_count,FILTER_ACTION;FIELD_MATCH;COUNT;COUNT_PER_ACTION;PENALTY;AUDIT_TOP_CANDIDATE,2500.0,qwen_compile_cache_observed_but_monthly_rules_may_include_fallback,False,True
20260509,ca3130d3fa70,deb1525e8b28,2,direct_violation_count,FILTER_ACTION;FIELD_MATCH;COUNT;COUNT_PER_ACTION;PENALTY;AUDIT_TOP_CANDIDATE,2000.0,qwen_compile_cache_observed_but_monthly_rules_may_include_fallback,False,True
20260509,ec94d50c990d,7fa08f21057f,0,unknown_soft,UNKNOWN_SOFT,6000.0,qwen_compile_cache_observed_but_monthly_rules_may_include_fallback,False,True
20260509,ec94d50c990d,dae5f34a3a76,1,direct_violation_count,FILTER_ACTION;FIELD_MATCH;COUNT;COUNT_PER_ACTION;PENALTY;AUDIT_TOP_CANDIDATE,350.0,qwen_compile_cache_observed_but_monthly_rules_may_include_fallback,False,True
20260509,ec94d50c990d,afdb7fb50ad6,2,direct_violation_count,FILTER_ACTION;FIELD_MATCH;COUNT;COUNT_PER_ACTION;PENALTY;AUDIT_TOP_CANDIDATE,0.0,qwen_compile_cache_observed_but_monthly_rules_may_include_fallback,False,True
20260509,409af0e540c1,693eb9db7be9,0,unknown_soft,UNKNOWN_SOFT,2000.0,qwen_compile_cache_observed_but_monthly_rules_may_include_fallback,False,True
20260509,409af0e540c1,4644444d8762,1,direct_violation_count,FILTER_ACTION;FIELD_MATCH;COUNT;COUNT_PER_ACTION;PENALTY;AUDIT_TOP_CANDIDATE,0.0,qwen_compile_cache_observed_but_monthly_rules_may_include_fallback,False,True
20260509,409af0e540c1,142fd4fa67c4,2,direct_violation_count,FILTER_ACTION;FIELD_MATCH;COUNT;COUNT_PER_ACTION;PENALTY;AUDIT_TOP_CANDIDATE,0.0,qwen_compile_cache_observed_but_monthly_rules_may_include_fallback,False,True
20260509,4275e4cc5493,1297b092f381,0,direct_violation_count,FILTER_ACTION;FIELD_MATCH;COUNT;COUNT_PER_ACTION;PENALTY;AUDIT_TOP_CANDIDATE,0.0,qwen_compile_cache_observed_but_monthly_rules_may_include_fallback,False,True
20260509,4275e4cc5493,c05daa791c07,1,unknown_soft,UNKNOWN_SOFT,0.0,qwen_compile_cache_observed_but_monthly_rules_may_include_fallback,False,True
20260509,4275e4cc5493,dc5712af4459,2,direct_violation_count,FILTER_ACTION;FIELD_MATCH;COUNT;COUNT_PER_ACTION;PENALTY;AUDIT_TOP_CANDIDATE,2800.0,qwen_compile_cache_observed_but_monthly_rules_may_include_fallback,False,True
20260509,e9ae8ae9926a,071f278ced29,0,direct_violation_count,FILTER_ACTION;FIELD_MATCH;COUNT;COUNT_PER_ACTION;PENALTY;AUDIT_TOP_CANDIDATE,2600.0,qwen_compile_cache_observed_but_monthly_rules_may_include_fallback,False,True
20260509,e9ae8ae9926a,069862a09331,1,direct_violation_count,FILTER_ACTION;FIELD_MATCH;COUNT;COUNT_PER_ACTION;PENALTY;AUDIT_TOP_CANDIDATE,100.0,qwen_compile_cache_observed_but_monthly_rules_may_include_fallback,False,True
20260509,e9ae8ae9926a,09e54e2a631c,2,direct_violation_count,FILTER_ACTION;FIELD_MATCH;COUNT;COUNT_PER_ACTION;PENALTY;AUDIT_TOP_CANDIDATE,800.0,qwen_compile_cache_observed_but_monthly_rules_may_include_fallback,False,True
20260509,666ddc76da46,895ccb2ca063,0,direct_violation_count,FILTER_ACTION;FIELD_MATCH;COUNT;COUNT_PER_ACTION;PENALTY;AUDIT_TOP_CANDIDATE,0.0,qwen_compile_cache_observed_but_monthly_rules_may_include_fallback,False,True
20260509,666ddc76da46,f96fe943eaf6,1,direct_violation_count,FILTER_ACTION;FIELD_MATCH;COUNT;COUNT_PER_ACTION;PENALTY;AUDIT_TOP_CANDIDATE,0.0,qwen_compile_cache_observed_but_monthly_rules_may_include_fallback,False,True
20260509,666ddc76da46,8a69b101ea88,2,direct_violation_count,FILTER_ACTION;FIELD_MATCH;COUNT;COUNT_PER_ACTION;PENALTY;AUDIT_TOP_CANDIDATE,3000.0,qwen_compile_cache_observed_but_monthly_rules_may_include_fallback,False,True
20260509,666ddc76da46,3ed6eea96db7,3,full_inactive_day_quota,FULL_DAY_INACTIVE;ACTIVE_COVERAGE;COUNT;COUNT_CAPPED;PENALTY,0.0,qwen_compile_cache_observed_but_monthly_rules_may_include_fallback,False,True
20260509,9ad1c2e3ec2e,946d3c99c666,0,direct_violation_count,FILTER_ACTION;FIELD_MATCH;COUNT;COUNT_PER_ACTION;PENALTY;AUDIT_TOP_CANDIDATE,2000.0,qwen_compile_cache_observed_but_monthly_rules_may_include_fallback,False,True
20260509,9ad1c2e3ec2e,0e721b2dc4ec,1,direct_violation_count,FILTER_ACTION;FIELD_MATCH;COUNT;COUNT_PER_ACTION;PENALTY;AUDIT_TOP_CANDIDATE,280.0,qwen_compile_cache_observed_but_monthly_rules_may_include_fallback,False,True
20260509,9ad1c2e3ec2e,1201c5551fd4,2,direct_violation_count,FILTER_ACTION;FIELD_MATCH;COUNT;COUNT_PER_ACTION;PENALTY;AUDIT_TOP_CANDIDATE,1600.0,qwen_compile_cache_observed_but_monthly_rules_may_include_fallback,False,True
20260509,9ad1c2e3ec2e,c61acde75111,3,unknown_soft,UNKNOWN_SOFT,0.0,qwen_compile_cache_observed_but_monthly_rules_may_include_fallback,False,True
20260509,6fd753377e3c,24afdbe906ea,0,full_inactive_day_quota,FULL_DAY_INACTIVE;ACTIVE_COVERAGE;COUNT;COUNT_CAPPED;PENALTY,0.0,qwen_compile_cache_observed_but_monthly_rules_may_include_fallback,False,True
20260509,6fd753377e3c,fee0d1928b00,1,direct_violation_count,FILTER_ACTION;FIELD_MATCH;COUNT;COUNT_PER_ACTION;PENALTY;AUDIT_TOP_CANDIDATE,0.0,qwen_compile_cache_observed_but_monthly_rules_may_include_fallback,False,True
20260509,6fd753377e3c,55a38050727d,2,direct_violation_count,FILTER_ACTION;FIELD_MATCH;COUNT;COUNT_PER_ACTION;PENALTY;AUDIT_TOP_CANDIDATE,400.0,qwen_compile_cache_observed_but_monthly_rules_may_include_fallback,False,True
20260509,6fd753377e3c,432c736f6f80,3,direct_violation_count,FILTER_ACTION;FIELD_MATCH;COUNT;COUNT_PER_ACTION;PENALTY;AUDIT_TOP_CANDIDATE,500.0,qwen_compile_cache_observed_but_monthly_rules_may_include_fallback,False,True
20260509,4d61eda42445,12d4864794b4,0,terminal_task,ORDERED_SEQUENCE;COUNT;COUNT_ONCE_IF_FAILED;REPAIR,10000.0,qwen_compile_cache_observed_but_monthly_rules_may_include_fallback,False,True
20260509,4d61eda42445,3f993fbad8c1,1,direct_violation_count,FILTER_ACTION;FIELD_MATCH;COUNT;COUNT_PER_ACTION;PENALTY;AUDIT_TOP_CANDIDATE,27000.0,qwen_compile_cache_observed_but_monthly_rules_may_include_fallback,False,True
20260509,4d61eda42445,af17b7660a02,2,direct_violation_count,FILTER_ACTION;FIELD_MATCH;COUNT;COUNT_PER_ACTION;PENALTY;AUDIT_TOP_CANDIDATE,0.0,qwen_compile_cache_observed_but_monthly_rules_may_include_fallback,False,True
20260509,5015859ffdf0,e91debeae7c5,0,unknown_soft,UNKNOWN_SOFT,30600.0,qwen_compile_cache_observed_but_monthly_rules_may_include_fallback,False,True
20260509,5015859ffdf0,616036fa532a,1,unknown_soft,UNKNOWN_SOFT,3000.0,qwen_compile_cache_observed_but_monthly_rules_may_include_fallback,False,True
20260509,5015859ffdf0,2b8f2fa8d9e1,2,direct_violation_count,FILTER_ACTION;FIELD_MATCH;COUNT;COUNT_PER_ACTION;PENALTY;AUDIT_TOP_CANDIDATE,0.0,qwen_compile_cache_observed_but_monthly_rules_may_include_fallback,False,True
20260509,5015859ffdf0,647a5c1e8ca4,3,direct_violation_count,FILTER_ACTION;FIELD_MATCH;COUNT;COUNT_PER_ACTION;PENALTY;AUDIT_TOP_CANDIDATE,720.0,qwen_compile_cache_observed_but_monthly_rules_may_include_fallback,False,True
