call_id,decision_index,candidate_count,affected_rule_ids,output_relation,output_effect,raw_risk_score,raw_repair_score,applied_score_adjustment,ranking_changed,action_changed,final_action_used,confidence,json_valid,retry_count,cache_hit
de660e8c5bfb,1,1,"[""887d908c573d"",""6235345edaf5"",""674070057b2f"",""cee0faecaf6b"",""4d7e4e30a7ba""]",not_persisted_in_legacy_trace,unknown,0.0,0.0,0.0,False,False,wait,,False,0,False
4f0f2602ffe0,2,54,"[""887d908c573d"",""6235345edaf5"",""674070057b2f"",""cee0faecaf6b"",""4d7e4e30a7ba""]",not_persisted_in_legacy_trace,unknown,0.0,0.0,0.0,False,False,take_order,,False,0,False
b3c6e3f9edb1,3,57,"[""887d908c573d"",""6235345edaf5"",""674070057b2f"",""cee0faecaf6b"",""4d7e4e30a7ba""]",not_persisted_in_legacy_trace,unknown,0.0,0.0,0.0,False,False,take_order,,False,0,False
71835458482a,4,54,"[""887d908c573d"",""6235345edaf5"",""674070057b2f"",""cee0faecaf6b"",""4d7e4e30a7ba""]",not_persisted_in_legacy_trace,unknown,0.0,0.0,0.0,False,False,wait,,False,0,False
a1d755d0956b,5,54,"[""887d908c573d"",""6235345edaf5"",""674070057b2f"",""cee0faecaf6b"",""4d7e4e30a7ba""]",not_persisted_in_legacy_trace,unknown,0.0,0.0,0.0,False,False,wait,,False,0,False
19a287cf8714,6,35,"[""887d908c573d"",""6235345edaf5"",""674070057b2f"",""cee0faecaf6b"",""4d7e4e30a7ba""]",not_persisted_in_legacy_trace,unknown,0.0,0.0,0.0,False,False,take_order,,False,0,False
dc20113abf1a,7,50,"[""887d908c573d"",""6235345edaf5"",""674070057b2f"",""cee0faecaf6b"",""4d7e4e30a7ba""]",not_persisted_in_legacy_trace,unknown,0.0,0.0,0.0,False,False,wait,,False,0,False
09c5cba5f9ba,8,64,"[""887d908c573d"",""6235345edaf5"",""674070057b2f"",""cee0faecaf6b"",""4d7e4e30a7ba""]",not_persisted_in_legacy_trace,unknown,0.0,0.0,0.0,False,False,wait,,False,0,False
121fadc719c9,9,67,"[""887d908c573d"",""6235345edaf5"",""674070057b2f"",""cee0faecaf6b"",""4d7e4e30a7ba""]",not_persisted_in_legacy_trace,unknown,0.0,0.0,0.0,False,False,wait,,False,0,False
405b266f4f70,10,57,"[""887d908c573d"",""6235345edaf5"",""674070057b2f"",""cee0faecaf6b"",""4d7e4e30a7ba""]",not_persisted_in_legacy_trace,unknown,0.0,0.0,0.0,False,False,take_order,,False,0,False
8e9147f61f11,11,50,"[""887d908c573d"",""6235345edaf5"",""674070057b2f"",""cee0faecaf6b"",""4d7e4e30a7ba""]",not_persisted_in_legacy_trace,unknown,0.0,0.0,0.0,False,False,take_order,,False,0,False
8a97a88c91a4,12,64,"[""887d908c573d"",""6235345edaf5"",""674070057b2f"",""cee0faecaf6b"",""4d7e4e30a7ba""]",not_persisted_in_legacy_trace,unknown,0.0,0.0,0.0,False,False,wait,,False,0,False
1c0e9dac2961,13,60,"[""887d908c573d"",""6235345edaf5"",""674070057b2f"",""cee0faecaf6b"",""4d7e4e30a7ba""]",not_persisted_in_legacy_trace,unknown,0.0,0.0,0.0,False,False,wait,,False,0,False
db1e3e303161,14,30,"[""887d908c573d"",""6235345edaf5"",""674070057b2f"",""cee0faecaf6b"",""4d7e4e30a7ba""]",not_persisted_in_legacy_trace,unknown,0.0,0.0,0.0,False,False,take_order,,False,0,False
cf8a29d79b63,15,44,"[""887d908c573d"",""6235345edaf5"",""674070057b2f"",""cee0faecaf6b"",""4d7e4e30a7ba""]",not_persisted_in_legacy_trace,unknown,0.0,0.0,0.0,False,False,take_order,,False,0,False
ae1fa8745842,16,31,"[""887d908c573d"",""6235345edaf5"",""674070057b2f"",""cee0faecaf6b"",""4d7e4e30a7ba""]",not_persisted_in_legacy_trace,unknown,0.0,0.0,0.0,False,False,take_order,,False,0,False
b9cf1f984662,17,44,"[""887d908c573d"",""6235345edaf5"",""674070057b2f"",""cee0faecaf6b"",""4d7e4e30a7ba""]",not_persisted_in_legacy_trace,unknown,0.0,0.0,0.0,False,False,wait,,False,0,False
ed5ef93b9ac2,18,48,"[""887d908c573d"",""6235345edaf5"",""674070057b2f"",""cee0faecaf6b"",""4d7e4e30a7ba""]",not_persisted_in_legacy_trace,unknown,0.0,0.0,0.0,False,False,wait,,False,0,False
65d80e2c0a8b,19,35,"[""887d908c573d"",""6235345edaf5"",""674070057b2f"",""cee0faecaf6b"",""4d7e4e30a7ba""]",not_persisted_in_legacy_trace,unknown,0.0,0.0,0.0,False,False,take_order,,False,0,False
7f93b38e262c,20,30,"[""887d908c573d"",""6235345edaf5"",""674070057b2f"",""cee0faecaf6b"",""4d7e4e30a7ba""]",not_persisted_in_legacy_trace,unknown,0.0,0.0,0.0,False,False,take_order,,False,0,False
b729d3d218b3,21,52,"[""887d908c573d"",""6235345edaf5"",""674070057b2f"",""cee0faecaf6b"",""4d7e4e30a7ba""]",not_persisted_in_legacy_trace,unknown,0.0,0.0,0.0,False,False,wait,,False,0,False
9f9b12083430,22,51,"[""887d908c573d"",""6235345edaf5"",""674070057b2f"",""cee0faecaf6b"",""4d7e4e30a7ba""]",not_persisted_in_legacy_trace,unknown,0.0,0.0,0.0,False,False,wait,,False,0,True
9b20ed792409,23,46,"[""887d908c573d"",""6235345edaf5"",""674070057b2f"",""cee0faecaf6b"",""4d7e4e30a7ba""]",not_persisted_in_legacy_trace,unknown,0.0,0.0,0.0,False,False,take_order,,False,0,True
a5399d549799,24,37,"[""887d908c573d"",""6235345edaf5"",""674070057b2f"",""cee0faecaf6b"",""4d7e4e30a7ba""]",not_persisted_in_legacy_trace,unknown,0.0,0.0,0.0,False,False,take_order,,False,0,True
a47b80e15108,25,47,"[""887d908c573d"",""6235345edaf5"",""674070057b2f"",""cee0faecaf6b"",""4d7e4e30a7ba""]",not_persisted_in_legacy_trace,unknown,0.0,0.0,0.0,False,False,wait,,False,0,True
4fda301b4816,26,56,"[""887d908c573d"",""6235345edaf5"",""674070057b2f"",""cee0faecaf6b"",""4d7e4e30a7ba""]",not_persisted_in_legacy_trace,unknown,0.0,0.0,0.0,False,False,wait,,False,0,True
6c2e6f822c37,27,38,"[""887d908c573d"",""6235345edaf5"",""674070057b2f"",""cee0faecaf6b"",""4d7e4e30a7ba""]",not_persisted_in_legacy_trace,unknown,0.0,0.0,0.0,False,False,take_order,,False,0,True
61a31f018454,28,36,"[""887d908c573d"",""6235345edaf5"",""674070057b2f"",""cee0faecaf6b"",""4d7e4e30a7ba""]",not_persisted_in_legacy_trace,unknown,0.0,0.0,0.0,False,False,take_order,,False,0,True
c8889ef7c293,29,43,"[""887d908c573d"",""6235345edaf5"",""674070057b2f"",""cee0faecaf6b"",""4d7e4e30a7ba""]",not_persisted_in_legacy_trace,unknown,0.0,0.0,0.0,False,False,take_order,,False,0,True
30569c3c0340,30,49,"[""887d908c573d"",""6235345edaf5"",""674070057b2f"",""cee0faecaf6b"",""4d7e4e30a7ba""]",not_persisted_in_legacy_trace,unknown,0.0,0.0,0.0,False,False,wait,,False,0,True
38e2f66e7efb,31,33,"[""887d908c573d"",""6235345edaf5"",""674070057b2f"",""cee0faecaf6b"",""4d7e4e30a7ba""]",not_persisted_in_legacy_trace,unknown,0.0,0.0,0.0,False,False,take_order,,False,0,True
14da83bd86fc,32,50,"[""887d908c573d"",""6235345edaf5"",""674070057b2f"",""cee0faecaf6b"",""4d7e4e30a7ba""]",not_persisted_in_legacy_trace,unknown,0.0,0.0,0.0,False,False,take_order,,False,0,True
c7e3470e15f1,33,56,"[""887d908c573d"",""6235345edaf5"",""674070057b2f"",""cee0faecaf6b"",""4d7e4e30a7ba""]",not_persisted_in_legacy_trace,unknown,0.0,0.0,0.0,False,False,wait,,False,0,True
f5271f88ab55,34,68,"[""887d908c573d"",""6235345edaf5"",""674070057b2f"",""cee0faecaf6b"",""4d7e4e30a7ba""]",not_persisted_in_legacy_trace,unknown,0.0,0.0,0.0,False,False,wait,,False,0,True
f44b5ed8910c,35,64,"[""887d908c573d"",""6235345edaf5"",""674070057b2f"",""cee0faecaf6b"",""4d7e4e30a7ba""]",not_persisted_in_legacy_trace,unknown,0.0,0.0,0.0,False,False,wait,,False,0,True
549d94a59267,36,53,"[""887d908c573d"",""6235345edaf5"",""674070057b2f"",""cee0faecaf6b"",""4d7e4e30a7ba""]",not_persisted_in_legacy_trace,unknown,0.0,0.0,0.0,False,False,take_order,,False,0,True
953340d83be2,37,46,"[""887d908c573d"",""6235345edaf5"",""674070057b2f"",""cee0faecaf6b"",""4d7e4e30a7ba""]",not_persisted_in_legacy_trace,unknown,0.0,0.0,0.0,False,False,take_order,,False,0,True
484f380554de,38,38,"[""887d908c573d"",""6235345edaf5"",""674070057b2f"",""cee0faecaf6b"",""4d7e4e30a7ba""]",not_persisted_in_legacy_trace,unknown,0.0,0.0,0.0,False,False,wait,,False,0,True
e33a1376142a,39,36,"[""887d908c573d"",""6235345edaf5"",""674070057b2f"",""cee0faecaf6b"",""4d7e4e30a7ba""]",not_persisted_in_legacy_trace,unknown,0.0,0.0,0.0,False,False,wait,,False,0,True
955f96ea0e02,40,19,"[""887d908c573d"",""6235345edaf5"",""674070057b2f"",""cee0faecaf6b"",""4d7e4e30a7ba""]",not_persisted_in_legacy_trace,unknown,0.0,0.0,0.0,False,False,take_order,,False,0,True
4c949683b2ba,41,30,"[""887d908c573d"",""6235345edaf5"",""674070057b2f"",""cee0faecaf6b"",""4d7e4e30a7ba""]",not_persisted_in_legacy_trace,unknown,0.0,0.0,0.0,False,False,take_order,,False,0,True
9753bb781a33,42,30,"[""887d908c573d"",""6235345edaf5"",""674070057b2f"",""cee0faecaf6b"",""4d7e4e30a7ba""]",not_persisted_in_legacy_trace,unknown,0.0,0.0,0.0,False,False,take_order,,False,0,True
e1d53504e58a,43,49,"[""887d908c573d"",""6235345edaf5"",""674070057b2f"",""cee0faecaf6b"",""4d7e4e30a7ba""]",not_persisted_in_legacy_trace,unknown,0.0,0.0,0.0,False,False,wait,,False,0,True
feb7dcb95e73,44,29,"[""887d908c573d"",""6235345edaf5"",""674070057b2f"",""cee0faecaf6b"",""4d7e4e30a7ba""]",not_persisted_in_legacy_trace,unknown,0.0,0.0,0.0,False,False,take_order,,False,0,True
7e79343d4771,45,36,"[""887d908c573d"",""6235345edaf5"",""674070057b2f"",""cee0faecaf6b"",""4d7e4e30a7ba""]",not_persisted_in_legacy_trace,unknown,0.0,0.0,0.0,False,False,wait,,False,0,True
e8615a8b899d,46,47,"[""887d908c573d"",""6235345edaf5"",""674070057b2f"",""cee0faecaf6b"",""4d7e4e30a7ba""]",not_persisted_in_legacy_trace,unknown,0.0,0.0,0.0,False,False,wait,,False,0,True
a2baa863dad6,47,58,"[""887d908c573d"",""6235345edaf5"",""674070057b2f"",""cee0faecaf6b"",""4d7e4e30a7ba""]",not_persisted_in_legacy_trace,unknown,0.0,0.0,0.0,False,False,wait,,False,0,True
8719b0052cbb,48,96,"[""887d908c573d"",""6235345edaf5"",""674070057b2f"",""cee0faecaf6b"",""4d7e4e30a7ba""]",not_persisted_in_legacy_trace,unknown,0.0,0.0,0.0,False,False,wait,,False,0,True
ce34a613421e,49,48,"[""887d908c573d"",""6235345edaf5"",""674070057b2f"",""cee0faecaf6b"",""4d7e4e30a7ba""]",not_persisted_in_legacy_trace,unknown,0.0,0.0,0.0,False,False,take_order,,False,0,True
9b3a3adcb98e,50,52,"[""887d908c573d"",""6235345edaf5"",""674070057b2f"",""cee0faecaf6b"",""4d7e4e30a7ba""]",not_persisted_in_legacy_trace,unknown,0.0,0.0,0.0,False,False,take_order,,False,0,True
6699ece7f499,51,53,"[""887d908c573d"",""6235345edaf5"",""674070057b2f"",""cee0faecaf6b"",""4d7e4e30a7ba""]",not_persisted_in_legacy_trace,unknown,0.0,0.0,0.0,False,False,wait,,False,0,True
f8e1ac33e779,52,57,"[""887d908c573d"",""6235345edaf5"",""674070057b2f"",""cee0faecaf6b"",""4d7e4e30a7ba""]",not_persisted_in_legacy_trace,unknown,0.0,0.0,0.0,False,False,wait,,False,0,True
1a2fcea59423,53,37,"[""887d908c573d"",""6235345edaf5"",""674070057b2f"",""cee0faecaf6b"",""4d7e4e30a7ba""]",not_persisted_in_legacy_trace,unknown,0.0,0.0,0.0,False,False,take_order,,False,0,True
ed8586b33785,54,34,"[""887d908c573d"",""6235345edaf5"",""674070057b2f"",""cee0faecaf6b"",""4d7e4e30a7ba""]",not_persisted_in_legacy_trace,unknown,0.0,0.0,0.0,False,False,take_order,,False,0,True
0f18f096497e,55,49,"[""887d908c573d"",""6235345edaf5"",""674070057b2f"",""cee0faecaf6b"",""4d7e4e30a7ba""]",not_persisted_in_legacy_trace,unknown,0.0,0.0,0.0,False,False,wait,,False,0,True
d43b57dd134c,56,52,"[""887d908c573d"",""6235345edaf5"",""674070057b2f"",""cee0faecaf6b"",""4d7e4e30a7ba""]",not_persisted_in_legacy_trace,unknown,0.0,0.0,0.0,False,False,wait,,False,0,True
960e477792f4,57,38,"[""887d908c573d"",""6235345edaf5"",""674070057b2f"",""cee0faecaf6b"",""4d7e4e30a7ba""]",not_persisted_in_legacy_trace,unknown,0.0,0.0,0.0,False,False,take_order,,False,0,True
ca7ad35afaf7,58,50,"[""887d908c573d"",""6235345edaf5"",""674070057b2f"",""cee0faecaf6b"",""4d7e4e30a7ba""]",not_persisted_in_legacy_trace,unknown,0.0,0.0,0.0,False,False,take_order,,False,0,True
1bb14df78d7d,59,47,"[""887d908c573d"",""6235345edaf5"",""674070057b2f"",""cee0faecaf6b"",""4d7e4e30a7ba""]",not_persisted_in_legacy_trace,unknown,0.0,0.0,0.0,False,False,wait,,False,0,True
9a311714852a,60,46,"[""887d908c573d"",""6235345edaf5"",""674070057b2f"",""cee0faecaf6b"",""4d7e4e30a7ba""]",not_persisted_in_legacy_trace,unknown,0.0,0.0,0.0,False,False,wait,,False,0,True
81354dd91bde,61,49,"[""887d908c573d"",""6235345edaf5"",""674070057b2f"",""cee0faecaf6b"",""4d7e4e30a7ba""]",not_persisted_in_legacy_trace,unknown,0.0,0.0,0.0,False,False,wait,,False,0,True
9335fe831e71,62,55,"[""887d908c573d"",""6235345edaf5"",""674070057b2f"",""cee0faecaf6b"",""4d7e4e30a7ba""]",not_persisted_in_legacy_trace,unknown,0.0,0.0,0.0,False,False,take_order,,False,0,True
5ec3daaa4cb9,63,42,"[""887d908c573d"",""6235345edaf5"",""674070057b2f"",""cee0faecaf6b"",""4d7e4e30a7ba""]",not_persisted_in_legacy_trace,unknown,0.0,0.0,0.0,False,False,take_order,,False,0,True
ef243823e895,64,41,"[""887d908c573d"",""6235345edaf5"",""674070057b2f"",""cee0faecaf6b"",""4d7e4e30a7ba""]",not_persisted_in_legacy_trace,unknown,0.0,0.0,0.0,False,False,wait,,False,0,True
aef502ffd5e8,65,46,"[""887d908c573d"",""6235345edaf5"",""674070057b2f"",""cee0faecaf6b"",""4d7e4e30a7ba""]",not_persisted_in_legacy_trace,unknown,0.0,0.0,0.0,False,False,wait,,False,0,True
70e3603ee238,66,27,"[""887d908c573d"",""6235345edaf5"",""674070057b2f"",""cee0faecaf6b"",""4d7e4e30a7ba""]",not_persisted_in_legacy_trace,unknown,0.0,0.0,0.0,False,False,take_order,,False,0,True
27808790d4fb,67,54,"[""887d908c573d"",""6235345edaf5"",""674070057b2f"",""cee0faecaf6b"",""4d7e4e30a7ba""]",not_persisted_in_legacy_trace,unknown,0.0,0.0,0.0,False,False,take_order,,False,0,True
aedc441ca697,68,53,"[""887d908c573d"",""6235345edaf5"",""674070057b2f"",""cee0faecaf6b"",""4d7e4e30a7ba""]",not_persisted_in_legacy_trace,unknown,0.0,0.0,0.0,False,False,wait,,False,0,True
cc2ce72f9d1b,69,45,"[""887d908c573d"",""6235345edaf5"",""674070057b2f"",""cee0faecaf6b"",""4d7e4e30a7ba""]",not_persisted_in_legacy_trace,unknown,0.0,0.0,0.0,False,False,wait,,False,0,True
5965902f5d8b,70,32,"[""887d908c573d"",""6235345edaf5"",""674070057b2f"",""cee0faecaf6b"",""4d7e4e30a7ba""]",not_persisted_in_legacy_trace,unknown,0.0,0.0,0.0,False,False,take_order,,False,0,True
b03d473bc36a,71,50,"[""887d908c573d"",""6235345edaf5"",""674070057b2f"",""cee0faecaf6b"",""4d7e4e30a7ba""]",not_persisted_in_legacy_trace,unknown,0.0,0.0,0.0,False,False,wait,,False,0,True
8fb55503a7b8,72,52,"[""887d908c573d"",""6235345edaf5"",""674070057b2f"",""cee0faecaf6b"",""4d7e4e30a7ba""]",not_persisted_in_legacy_trace,unknown,0.0,0.0,0.0,False,False,wait,,False,0,True
87eebb6e1a37,73,58,"[""887d908c573d"",""6235345edaf5"",""674070057b2f"",""cee0faecaf6b"",""4d7e4e30a7ba""]",not_persisted_in_legacy_trace,unknown,0.0,0.0,0.0,False,False,wait,,False,0,True
5094a5dad592,74,44,"[""887d908c573d"",""6235345edaf5"",""674070057b2f"",""cee0faecaf6b"",""4d7e4e30a7ba""]",not_persisted_in_legacy_trace,unknown,0.0,0.0,0.0,False,False,take_order,,False,0,True
edbf4232042a,75,45,"[""887d908c573d"",""6235345edaf5"",""674070057b2f"",""cee0faecaf6b"",""4d7e4e30a7ba""]",not_persisted_in_legacy_trace,unknown,0.0,0.0,0.0,False,False,wait,,False,0,True
8b0b9d7a8f37,76,59,"[""887d908c573d"",""6235345edaf5"",""674070057b2f"",""cee0faecaf6b"",""4d7e4e30a7ba""]",not_persisted_in_legacy_trace,unknown,0.0,0.0,0.0,False,False,wait,,False,0,True
3a9f08b809da,77,58,"[""887d908c573d"",""6235345edaf5"",""674070057b2f"",""cee0faecaf6b"",""4d7e4e30a7ba""]",not_persisted_in_legacy_trace,unknown,0.0,0.0,0.0,False,False,wait,,False,0,True
3ecca7c1f4bf,78,56,"[""887d908c573d"",""6235345edaf5"",""674070057b2f"",""cee0faecaf6b"",""4d7e4e30a7ba""]",not_persisted_in_legacy_trace,unknown,0.0,0.0,0.0,False,False,take_order,,False,0,True
5fff63f0efab,79,28,"[""887d908c573d"",""6235345edaf5"",""674070057b2f"",""cee0faecaf6b"",""4d7e4e30a7ba""]",not_persisted_in_legacy_trace,unknown,0.0,0.0,0.0,False,False,take_order,,False,0,True
f810dd2ed814,80,42,"[""887d908c573d"",""6235345edaf5"",""674070057b2f"",""cee0faecaf6b"",""4d7e4e30a7ba""]",not_persisted_in_legacy_trace,unknown,0.0,0.0,0.0,False,False,wait,,False,0,True
b941cf937220,81,40,"[""887d908c573d"",""6235345edaf5"",""674070057b2f"",""cee0faecaf6b"",""4d7e4e30a7ba""]",not_persisted_in_legacy_trace,unknown,0.0,0.0,0.0,False,False,wait,,False,0,True
371ff01be57a,82,24,"[""887d908c573d"",""6235345edaf5"",""674070057b2f"",""cee0faecaf6b"",""4d7e4e30a7ba""]",not_persisted_in_legacy_trace,unknown,0.0,0.0,0.0,False,False,take_order,,False,0,True
df7dd7035a05,83,31,"[""887d908c573d"",""6235345edaf5"",""674070057b2f"",""cee0faecaf6b"",""4d7e4e30a7ba""]",not_persisted_in_legacy_trace,unknown,0.0,0.0,0.0,False,False,take_order,,False,0,True
356dbba2ac52,84,49,"[""887d908c573d"",""6235345edaf5"",""674070057b2f"",""cee0faecaf6b"",""4d7e4e30a7ba""]",not_persisted_in_legacy_trace,unknown,0.0,0.0,0.0,False,False,wait,,False,0,True
cfcee61f7c1b,85,53,"[""887d908c573d"",""6235345edaf5"",""674070057b2f"",""cee0faecaf6b"",""4d7e4e30a7ba""]",not_persisted_in_legacy_trace,unknown,0.0,0.0,0.0,False,False,wait,,False,0,True
7a7adbefada7,86,58,"[""887d908c573d"",""6235345edaf5"",""674070057b2f"",""cee0faecaf6b"",""4d7e4e30a7ba""]",not_persisted_in_legacy_trace,unknown,0.0,0.0,0.0,False,False,wait,,False,0,True
c7a759f7891c,87,56,"[""887d908c573d"",""6235345edaf5"",""674070057b2f"",""cee0faecaf6b"",""4d7e4e30a7ba""]",not_persisted_in_legacy_trace,unknown,0.0,0.0,0.0,False,False,take_order,,False,0,True
03d8d4f520e4,88,51,"[""887d908c573d"",""6235345edaf5"",""674070057b2f"",""cee0faecaf6b"",""4d7e4e30a7ba""]",not_persisted_in_legacy_trace,unknown,0.0,0.0,0.0,False,False,take_order,,False,0,True
50b312dfdf2b,89,63,"[""887d908c573d"",""6235345edaf5"",""674070057b2f"",""cee0faecaf6b"",""4d7e4e30a7ba""]",not_persisted_in_legacy_trace,unknown,0.0,0.0,0.0,False,False,wait,,False,0,True
8a9bc678415e,90,68,"[""887d908c573d"",""6235345edaf5"",""674070057b2f"",""cee0faecaf6b"",""4d7e4e30a7ba""]",not_persisted_in_legacy_trace,unknown,0.0,0.0,0.0,False,False,wait,,False,0,True
70b41fb09685,91,45,"[""887d908c573d"",""6235345edaf5"",""674070057b2f"",""cee0faecaf6b"",""4d7e4e30a7ba""]",not_persisted_in_legacy_trace,unknown,0.0,0.0,0.0,False,False,take_order,,False,0,True
0c214886c1d4,92,33,"[""887d908c573d"",""6235345edaf5"",""674070057b2f"",""cee0faecaf6b"",""4d7e4e30a7ba""]",not_persisted_in_legacy_trace,unknown,0.0,0.0,0.0,False,False,wait,,False,0,True
ecc4c29f9f4f,93,39,"[""887d908c573d"",""6235345edaf5"",""674070057b2f"",""cee0faecaf6b"",""4d7e4e30a7ba""]",not_persisted_in_legacy_trace,unknown,0.0,0.0,0.0,False,False,wait,,False,0,True
44ccd2018a67,94,40,"[""887d908c573d"",""6235345edaf5"",""674070057b2f"",""cee0faecaf6b"",""4d7e4e30a7ba""]",not_persisted_in_legacy_trace,unknown,0.0,0.0,0.0,False,False,wait,,False,0,True
1f822a8087bd,95,41,"[""887d908c573d"",""6235345edaf5"",""674070057b2f"",""cee0faecaf6b"",""4d7e4e30a7ba""]",not_persisted_in_legacy_trace,unknown,0.0,0.0,0.0,False,False,take_order,,False,0,True
fc39e548340d,96,54,"[""887d908c573d"",""6235345edaf5"",""674070057b2f"",""cee0faecaf6b"",""4d7e4e30a7ba""]",not_persisted_in_legacy_trace,unknown,0.0,0.0,0.0,False,False,wait,,False,0,True
2b8a200df320,97,64,"[""887d908c573d"",""6235345edaf5"",""674070057b2f"",""cee0faecaf6b"",""4d7e4e30a7ba""]",not_persisted_in_legacy_trace,unknown,0.0,0.0,0.0,False,False,wait,,False,0,True
331dde385a15,98,61,"[""887d908c573d"",""6235345edaf5"",""674070057b2f"",""cee0faecaf6b"",""4d7e4e30a7ba""]",not_persisted_in_legacy_trace,unknown,0.0,0.0,0.0,False,False,wait,,False,0,True
49bdf0280584,99,52,"[""887d908c573d"",""6235345edaf5"",""674070057b2f"",""cee0faecaf6b"",""4d7e4e30a7ba""]",not_persisted_in_legacy_trace,unknown,0.0,0.0,0.0,False,False,take_order,,False,0,True
f23e68c735d9,100,52,"[""887d908c573d"",""6235345edaf5"",""674070057b2f"",""cee0faecaf6b"",""4d7e4e30a7ba""]",not_persisted_in_legacy_trace,unknown,0.0,0.0,0.0,False,False,take_order,,False,0,True
537ef88aa404,101,54,"[""887d908c573d"",""6235345edaf5"",""674070057b2f"",""cee0faecaf6b"",""4d7e4e30a7ba""]",not_persisted_in_legacy_trace,unknown,0.0,0.0,0.0,False,False,wait,,False,0,True
8798d0149bcf,102,57,"[""887d908c573d"",""6235345edaf5"",""674070057b2f"",""cee0faecaf6b"",""4d7e4e30a7ba""]",not_persisted_in_legacy_trace,unknown,0.0,0.0,0.0,False,False,wait,,False,0,True
876917101ef6,103,36,"[""887d908c573d"",""6235345edaf5"",""674070057b2f"",""cee0faecaf6b"",""4d7e4e30a7ba""]",not_persisted_in_legacy_trace,unknown,0.0,0.0,0.0,False,False,take_order,,False,0,True
8e700fdf81c3,104,45,"[""887d908c573d"",""6235345edaf5"",""674070057b2f"",""cee0faecaf6b"",""4d7e4e30a7ba""]",not_persisted_in_legacy_trace,unknown,0.0,0.0,0.0,False,False,take_order,,False,0,True
323ce5f6c9be,105,44,"[""887d908c573d"",""6235345edaf5"",""674070057b2f"",""cee0faecaf6b"",""4d7e4e30a7ba""]",not_persisted_in_legacy_trace,unknown,0.0,0.0,0.0,False,False,wait,,False,0,True
26f7f23e50b3,106,46,"[""887d908c573d"",""6235345edaf5"",""674070057b2f"",""cee0faecaf6b"",""4d7e4e30a7ba""]",not_persisted_in_legacy_trace,unknown,0.0,0.0,0.0,False,False,wait,,False,0,True
b9a94d4bf721,107,25,"[""887d908c573d"",""6235345edaf5"",""674070057b2f"",""cee0faecaf6b"",""4d7e4e30a7ba""]",not_persisted_in_legacy_trace,unknown,0.0,0.0,0.0,False,False,take_order,,False,0,True
46bb913f7ecd,108,32,"[""887d908c573d"",""6235345edaf5"",""674070057b2f"",""cee0faecaf6b"",""4d7e4e30a7ba""]",not_persisted_in_legacy_trace,unknown,0.0,0.0,0.0,False,False,take_order,,False,0,True
4ab7e71994f2,109,50,"[""887d908c573d"",""6235345edaf5"",""674070057b2f"",""cee0faecaf6b"",""4d7e4e30a7ba""]",not_persisted_in_legacy_trace,unknown,0.0,0.0,0.0,False,False,wait,,False,0,True
65cbd7417499,110,28,"[""887d908c573d"",""6235345edaf5"",""674070057b2f"",""cee0faecaf6b"",""4d7e4e30a7ba""]",not_persisted_in_legacy_trace,unknown,0.0,0.0,0.0,False,False,take_order,,False,0,True
999b27417713,111,50,"[""887d908c573d"",""6235345edaf5"",""674070057b2f"",""cee0faecaf6b"",""4d7e4e30a7ba""]",not_persisted_in_legacy_trace,unknown,0.0,0.0,0.0,False,False,take_order,,False,0,True
b4c8e18c370e,112,48,"[""887d908c573d"",""6235345edaf5"",""674070057b2f"",""cee0faecaf6b"",""4d7e4e30a7ba""]",not_persisted_in_legacy_trace,unknown,0.0,0.0,0.0,False,False,wait,,False,0,True
200e01b16cb2,113,42,"[""887d908c573d"",""6235345edaf5"",""674070057b2f"",""cee0faecaf6b"",""4d7e4e30a7ba""]",not_persisted_in_legacy_trace,unknown,0.0,0.0,0.0,False,False,wait,,False,0,True
80a8131f40a0,114,29,"[""887d908c573d"",""6235345edaf5"",""674070057b2f"",""cee0faecaf6b"",""4d7e4e30a7ba""]",not_persisted_in_legacy_trace,unknown,0.0,0.0,0.0,False,False,take_order,,False,0,True
7ec81389b385,115,56,"[""887d908c573d"",""6235345edaf5"",""674070057b2f"",""cee0faecaf6b"",""4d7e4e30a7ba""]",not_persisted_in_legacy_trace,unknown,0.0,0.0,0.0,False,False,take_order,,False,0,True
b35aaf90abd9,116,59,"[""887d908c573d"",""6235345edaf5"",""674070057b2f"",""cee0faecaf6b"",""4d7e4e30a7ba""]",not_persisted_in_legacy_trace,unknown,0.0,0.0,0.0,False,False,wait,,False,0,True
ee8f9968fd32,117,64,"[""887d908c573d"",""6235345edaf5"",""674070057b2f"",""cee0faecaf6b"",""4d7e4e30a7ba""]",not_persisted_in_legacy_trace,unknown,0.0,0.0,0.0,False,False,wait,,False,0,True
7209aaf3c39e,118,59,"[""887d908c573d"",""6235345edaf5"",""674070057b2f"",""cee0faecaf6b"",""4d7e4e30a7ba""]",not_persisted_in_legacy_trace,unknown,0.0,0.0,0.0,False,False,wait,,False,0,True
cab4e565ed62,119,77,"[""887d908c573d"",""6235345edaf5"",""674070057b2f"",""cee0faecaf6b"",""4d7e4e30a7ba""]",not_persisted_in_legacy_trace,unknown,0.0,0.0,0.0,False,False,wait,,False,0,True
5693920a0a9f,120,44,"[""887d908c573d"",""6235345edaf5"",""674070057b2f"",""cee0faecaf6b"",""4d7e4e30a7ba""]",not_persisted_in_legacy_trace,unknown,0.0,0.0,0.0,False,False,take_order,,False,0,True
4c630851ff18,121,9,"[""887d908c573d"",""6235345edaf5"",""674070057b2f"",""cee0faecaf6b"",""4d7e4e30a7ba""]",not_persisted_in_legacy_trace,unknown,0.0,0.0,0.0,False,False,take_order,,False,0,True
cc114018f7d9,1,1,"[""67a434f963f5"",""5898067122eb"",""355f8f7bf174"",""e90080a0e2da"",""36e6d8533839"",""69c10ceb2dd4"",""048e665ca9b7""]",not_persisted_in_legacy_trace,unknown,0.0,0.0,0.0,False,False,wait,,False,0,True
257d32af44c1,1,1,"[""67a434f963f5"",""5898067122eb"",""355f8f7bf174"",""e90080a0e2da"",""36e6d8533839"",""69c10ceb2dd4"",""048e665ca9b7""]",not_persisted_in_legacy_trace,unknown,0.0,0.0,0.0,False,False,wait,,False,0,True
d8a29409c1f5,1,1,"[""67a434f963f5"",""5898067122eb"",""355f8f7bf174"",""e90080a0e2da"",""36e6d8533839"",""69c10ceb2dd4"",""048e665ca9b7""]",not_persisted_in_legacy_trace,unknown,0.0,0.0,0.0,False,False,wait,,False,0,True
7cc4dc993e17,1,1,"[""67a434f963f5"",""5898067122eb"",""355f8f7bf174"",""e90080a0e2da"",""36e6d8533839"",""69c10ceb2dd4"",""048e665ca9b7""]",not_persisted_in_legacy_trace,unknown,0.0,0.0,0.0,False,False,wait,,False,0,True
c1d2a568d96a,1,1,"[""67a434f963f5"",""5898067122eb"",""355f8f7bf174"",""e90080a0e2da"",""36e6d8533839"",""69c10ceb2dd4"",""048e665ca9b7""]",not_persisted_in_legacy_trace,unknown,0.0,0.0,0.0,False,False,wait,,False,0,True
4750edd266a3,1,1,"[""67a434f963f5"",""5898067122eb"",""355f8f7bf174"",""e90080a0e2da"",""36e6d8533839"",""69c10ceb2dd4"",""048e665ca9b7""]",not_persisted_in_legacy_trace,unknown,0.0,0.0,0.0,False,False,wait,,False,0,True
c076c6413702,1,1,"[""67a434f963f5"",""5898067122eb"",""355f8f7bf174"",""e90080a0e2da"",""36e6d8533839"",""69c10ceb2dd4"",""048e665ca9b7""]",not_persisted_in_legacy_trace,unknown,0.0,0.0,0.0,False,False,wait,,False,0,True
38abadfe8e99,1,1,"[""67a434f963f5"",""5898067122eb"",""355f8f7bf174"",""e90080a0e2da"",""36e6d8533839"",""69c10ceb2dd4"",""048e665ca9b7""]",not_persisted_in_legacy_trace,unknown,0.0,0.0,0.0,False,False,wait,,False,0,True
b076043239fa,1,1,"[""67a434f963f5"",""5898067122eb"",""355f8f7bf174"",""e90080a0e2da"",""36e6d8533839"",""69c10ceb2dd4"",""048e665ca9b7""]",not_persisted_in_legacy_trace,unknown,0.0,0.0,0.0,False,False,wait,,False,0,True
f5b466223fad,1,1,"[""67a434f963f5"",""5898067122eb"",""355f8f7bf174"",""e90080a0e2da"",""36e6d8533839"",""69c10ceb2dd4"",""048e665ca9b7""]",not_persisted_in_legacy_trace,unknown,0.0,0.0,0.0,False,False,wait,,False,0,True
c6c05ab65f4d,1,1,"[""67a434f963f5"",""5898067122eb"",""355f8f7bf174"",""e90080a0e2da"",""36e6d8533839"",""69c10ceb2dd4"",""048e665ca9b7""]",not_persisted_in_legacy_trace,unknown,0.0,0.0,0.0,False,False,wait,,False,0,True
105be836504c,1,1,"[""67a434f963f5"",""5898067122eb"",""355f8f7bf174"",""e90080a0e2da"",""36e6d8533839"",""69c10ceb2dd4"",""048e665ca9b7""]",not_persisted_in_legacy_trace,unknown,0.0,0.0,0.0,False,False,wait,,False,0,True
88714ce88508,1,1,"[""67a434f963f5"",""5898067122eb"",""355f8f7bf174"",""e90080a0e2da"",""36e6d8533839"",""69c10ceb2dd4"",""048e665ca9b7""]",not_persisted_in_legacy_trace,unknown,0.0,0.0,0.0,False,False,wait,,False,0,True
a4e230683d8a,1,1,"[""67a434f963f5"",""5898067122eb"",""355f8f7bf174"",""e90080a0e2da"",""36e6d8533839"",""69c10ceb2dd4"",""048e665ca9b7""]",not_persisted_in_legacy_trace,unknown,0.0,0.0,0.0,False,False,wait,,False,0,True
f145f4ff5b8e,1,1,"[""67a434f963f5"",""5898067122eb"",""355f8f7bf174"",""e90080a0e2da"",""36e6d8533839"",""69c10ceb2dd4"",""048e665ca9b7""]",not_persisted_in_legacy_trace,unknown,0.0,0.0,0.0,False,False,wait,,False,0,True
2507cf12218e,1,1,"[""67a434f963f5"",""5898067122eb"",""355f8f7bf174"",""e90080a0e2da"",""36e6d8533839"",""69c10ceb2dd4"",""048e665ca9b7""]",not_persisted_in_legacy_trace,unknown,0.0,0.0,0.0,False,False,wait,,False,0,True
fe885e0ebedd,1,1,"[""67a434f963f5"",""5898067122eb"",""355f8f7bf174"",""e90080a0e2da"",""36e6d8533839"",""69c10ceb2dd4"",""048e665ca9b7""]",not_persisted_in_legacy_trace,unknown,0.0,0.0,0.0,False,False,wait,,False,0,True
106fea767942,1,1,"[""67a434f963f5"",""5898067122eb"",""355f8f7bf174"",""e90080a0e2da"",""36e6d8533839"",""69c10ceb2dd4"",""048e665ca9b7""]",not_persisted_in_legacy_trace,unknown,0.0,0.0,0.0,False,False,wait,,False,0,True
b086748fbb69,1,1,"[""67a434f963f5"",""5898067122eb"",""355f8f7bf174"",""e90080a0e2da"",""36e6d8533839"",""69c10ceb2dd4"",""048e665ca9b7""]",not_persisted_in_legacy_trace,unknown,0.0,0.0,0.0,False,False,wait,,False,0,True
2b14ab82629f,1,1,"[""67a434f963f5"",""5898067122eb"",""355f8f7bf174"",""e90080a0e2da"",""36e6d8533839"",""69c10ceb2dd4"",""048e665ca9b7""]",not_persisted_in_legacy_trace,unknown,0.0,0.0,0.0,False,False,wait,,False,0,True
e4dbe7ddcdc3,1,1,"[""67a434f963f5"",""5898067122eb"",""355f8f7bf174"",""e90080a0e2da"",""36e6d8533839"",""69c10ceb2dd4"",""048e665ca9b7""]",not_persisted_in_legacy_trace,unknown,0.0,0.0,0.0,False,False,wait,,False,0,True
9c9052114ee3,1,1,"[""67a434f963f5"",""5898067122eb"",""355f8f7bf174"",""e90080a0e2da"",""36e6d8533839"",""69c10ceb2dd4"",""048e665ca9b7""]",not_persisted_in_legacy_trace,unknown,0.0,0.0,0.0,False,False,wait,,False,0,True
bede48a5b67d,1,1,"[""67a434f963f5"",""5898067122eb"",""355f8f7bf174"",""e90080a0e2da"",""36e6d8533839"",""69c10ceb2dd4"",""048e665ca9b7""]",not_persisted_in_legacy_trace,unknown,0.0,0.0,0.0,False,False,wait,,False,0,True
40127bd8656c,1,1,"[""67a434f963f5"",""5898067122eb"",""355f8f7bf174"",""e90080a0e2da"",""36e6d8533839"",""69c10ceb2dd4"",""048e665ca9b7""]",not_persisted_in_legacy_trace,unknown,0.0,0.0,0.0,False,False,wait,,False,0,True
d2707870fda8,1,1,"[""67a434f963f5"",""5898067122eb"",""355f8f7bf174"",""e90080a0e2da"",""36e6d8533839"",""69c10ceb2dd4"",""048e665ca9b7""]",not_persisted_in_legacy_trace,unknown,0.0,0.0,0.0,False,False,wait,,False,0,True
10bf8b95fbe0,1,1,"[""67a434f963f5"",""5898067122eb"",""355f8f7bf174"",""e90080a0e2da"",""36e6d8533839"",""69c10ceb2dd4"",""048e665ca9b7""]",not_persisted_in_legacy_trace,unknown,0.0,0.0,0.0,False,False,wait,,False,0,True
c6145733ac25,1,1,"[""67a434f963f5"",""5898067122eb"",""355f8f7bf174"",""e90080a0e2da"",""36e6d8533839"",""69c10ceb2dd4"",""048e665ca9b7""]",not_persisted_in_legacy_trace,unknown,0.0,0.0,0.0,False,False,wait,,False,0,True
9cca22eae716,1,1,"[""67a434f963f5"",""5898067122eb"",""355f8f7bf174"",""e90080a0e2da"",""36e6d8533839"",""69c10ceb2dd4"",""048e665ca9b7""]",not_persisted_in_legacy_trace,unknown,0.0,0.0,0.0,False,False,wait,,False,0,True
5fd446e36887,1,1,"[""67a434f963f5"",""5898067122eb"",""355f8f7bf174"",""e90080a0e2da"",""36e6d8533839"",""69c10ceb2dd4"",""048e665ca9b7""]",not_persisted_in_legacy_trace,unknown,0.0,0.0,0.0,False,False,wait,,False,0,True
40dc0709e872,1,1,"[""67a434f963f5"",""5898067122eb"",""355f8f7bf174"",""e90080a0e2da"",""36e6d8533839"",""69c10ceb2dd4"",""048e665ca9b7""]",not_persisted_in_legacy_trace,unknown,0.0,0.0,0.0,False,False,wait,,False,0,True
b10be30d4b1c,1,1,"[""67a434f963f5"",""5898067122eb"",""355f8f7bf174"",""e90080a0e2da"",""36e6d8533839"",""69c10ceb2dd4"",""048e665ca9b7""]",not_persisted_in_legacy_trace,unknown,0.0,0.0,0.0,False,False,wait,,False,0,True
07de9ecb6291,1,1,"[""67a434f963f5"",""5898067122eb"",""355f8f7bf174"",""e90080a0e2da"",""36e6d8533839"",""69c10ceb2dd4"",""048e665ca9b7""]",not_persisted_in_legacy_trace,unknown,0.0,0.0,0.0,False,False,wait,,False,0,True
d40a549dc67f,1,1,"[""67a434f963f5"",""5898067122eb"",""355f8f7bf174"",""e90080a0e2da"",""36e6d8533839"",""69c10ceb2dd4"",""048e665ca9b7""]",not_persisted_in_legacy_trace,unknown,0.0,0.0,0.0,False,False,wait,,False,0,True
41645ed366a5,1,1,"[""67a434f963f5"",""5898067122eb"",""355f8f7bf174"",""e90080a0e2da"",""36e6d8533839"",""69c10ceb2dd4"",""048e665ca9b7""]",not_persisted_in_legacy_trace,unknown,0.0,0.0,0.0,False,False,wait,,False,0,True
a34e19fdaa5e,1,1,"[""67a434f963f5"",""5898067122eb"",""355f8f7bf174"",""e90080a0e2da"",""36e6d8533839"",""69c10ceb2dd4"",""048e665ca9b7""]",not_persisted_in_legacy_trace,unknown,0.0,0.0,0.0,False,False,wait,,False,0,True
f0a3c6cdb1f6,1,1,"[""67a434f963f5"",""5898067122eb"",""355f8f7bf174"",""e90080a0e2da"",""36e6d8533839"",""69c10ceb2dd4"",""048e665ca9b7""]",not_persisted_in_legacy_trace,unknown,0.0,0.0,0.0,False,False,wait,,False,0,True
72b76b7b9b43,1,1,"[""67a434f963f5"",""5898067122eb"",""355f8f7bf174"",""e90080a0e2da"",""36e6d8533839"",""69c10ceb2dd4"",""048e665ca9b7""]",not_persisted_in_legacy_trace,unknown,0.0,0.0,0.0,False,False,wait,,False,0,True
d0a08823041f,1,1,"[""67a434f963f5"",""5898067122eb"",""355f8f7bf174"",""e90080a0e2da"",""36e6d8533839"",""69c10ceb2dd4"",""048e665ca9b7""]",not_persisted_in_legacy_trace,unknown,0.0,0.0,0.0,False,False,wait,,False,0,True
26322e5b09bf,1,1,"[""67a434f963f5"",""5898067122eb"",""355f8f7bf174"",""e90080a0e2da"",""36e6d8533839"",""69c10ceb2dd4"",""048e665ca9b7""]",not_persisted_in_legacy_trace,unknown,0.0,0.0,0.0,False,False,wait,,False,0,True
d8dd1e7a8030,1,1,"[""67a434f963f5"",""5898067122eb"",""355f8f7bf174"",""e90080a0e2da"",""36e6d8533839"",""69c10ceb2dd4"",""048e665ca9b7""]",not_persisted_in_legacy_trace,unknown,0.0,0.0,0.0,False,False,wait,,False,0,True
e417530b4d31,1,1,"[""67a434f963f5"",""5898067122eb"",""355f8f7bf174"",""e90080a0e2da"",""36e6d8533839"",""69c10ceb2dd4"",""048e665ca9b7""]",not_persisted_in_legacy_trace,unknown,0.0,0.0,0.0,False,False,wait,,False,0,True
923016990367,1,1,"[""67a434f963f5"",""5898067122eb"",""355f8f7bf174"",""e90080a0e2da"",""36e6d8533839"",""69c10ceb2dd4"",""048e665ca9b7""]",not_persisted_in_legacy_trace,unknown,0.0,0.0,0.0,False,False,wait,,False,0,True
5f9288b1cd96,1,1,"[""67a434f963f5"",""5898067122eb"",""355f8f7bf174"",""e90080a0e2da"",""36e6d8533839"",""69c10ceb2dd4"",""048e665ca9b7""]",not_persisted_in_legacy_trace,unknown,0.0,0.0,0.0,False,False,wait,,False,0,True
7b92b8e2a734,1,1,"[""67a434f963f5"",""5898067122eb"",""355f8f7bf174"",""e90080a0e2da"",""36e6d8533839"",""69c10ceb2dd4"",""048e665ca9b7""]",not_persisted_in_legacy_trace,unknown,0.0,0.0,0.0,False,False,wait,,False,0,True
40d35570d7f6,1,1,"[""67a434f963f5"",""5898067122eb"",""355f8f7bf174"",""e90080a0e2da"",""36e6d8533839"",""69c10ceb2dd4"",""048e665ca9b7""]",not_persisted_in_legacy_trace,unknown,0.0,0.0,0.0,False,False,wait,,False,0,True
c198f814ec43,1,1,"[""67a434f963f5"",""5898067122eb"",""355f8f7bf174"",""e90080a0e2da"",""36e6d8533839"",""69c10ceb2dd4"",""048e665ca9b7""]",not_persisted_in_legacy_trace,unknown,0.0,0.0,0.0,False,False,wait,,False,0,True
e70b0f5c84b3,1,1,"[""67a434f963f5"",""5898067122eb"",""355f8f7bf174"",""e90080a0e2da"",""36e6d8533839"",""69c10ceb2dd4"",""048e665ca9b7""]",not_persisted_in_legacy_trace,unknown,0.0,0.0,0.0,False,False,wait,,False,0,True
f8fd35d97ca7,1,1,"[""67a434f963f5"",""5898067122eb"",""355f8f7bf174"",""e90080a0e2da"",""36e6d8533839"",""69c10ceb2dd4"",""048e665ca9b7""]",not_persisted_in_legacy_trace,unknown,0.0,0.0,0.0,False,False,wait,,False,0,True
f9c5c9ed650e,1,1,"[""67a434f963f5"",""5898067122eb"",""355f8f7bf174"",""e90080a0e2da"",""36e6d8533839"",""69c10ceb2dd4"",""048e665ca9b7""]",not_persisted_in_legacy_trace,unknown,0.0,0.0,0.0,False,False,wait,,False,0,True
b13e4186dd58,1,1,"[""67a434f963f5"",""5898067122eb"",""355f8f7bf174"",""e90080a0e2da"",""36e6d8533839"",""69c10ceb2dd4"",""048e665ca9b7""]",not_persisted_in_legacy_trace,unknown,0.0,0.0,0.0,False,False,wait,,False,0,True
ae6ccf721b59,1,1,"[""67a434f963f5"",""5898067122eb"",""355f8f7bf174"",""e90080a0e2da"",""36e6d8533839"",""69c10ceb2dd4"",""048e665ca9b7""]",not_persisted_in_legacy_trace,unknown,0.0,0.0,0.0,False,False,wait,,False,0,True
3379a56a36c9,1,1,"[""67a434f963f5"",""5898067122eb"",""355f8f7bf174"",""e90080a0e2da"",""36e6d8533839"",""69c10ceb2dd4"",""048e665ca9b7""]",not_persisted_in_legacy_trace,unknown,0.0,0.0,0.0,False,False,wait,,False,0,True
bba6adf766e0,1,1,"[""67a434f963f5"",""5898067122eb"",""355f8f7bf174"",""e90080a0e2da"",""36e6d8533839"",""69c10ceb2dd4"",""048e665ca9b7""]",not_persisted_in_legacy_trace,unknown,0.0,0.0,0.0,False,False,wait,,False,0,True
17ea6d3815bc,1,1,"[""67a434f963f5"",""5898067122eb"",""355f8f7bf174"",""e90080a0e2da"",""36e6d8533839"",""69c10ceb2dd4"",""048e665ca9b7""]",not_persisted_in_legacy_trace,unknown,0.0,0.0,0.0,False,False,wait,,False,0,True
ff20bd85a2fc,1,1,"[""67a434f963f5"",""5898067122eb"",""355f8f7bf174"",""e90080a0e2da"",""36e6d8533839"",""69c10ceb2dd4"",""048e665ca9b7""]",not_persisted_in_legacy_trace,unknown,0.0,0.0,0.0,False,False,wait,,False,0,True
389897b7a714,1,1,"[""67a434f963f5"",""5898067122eb"",""355f8f7bf174"",""e90080a0e2da"",""36e6d8533839"",""69c10ceb2dd4"",""048e665ca9b7""]",not_persisted_in_legacy_trace,unknown,0.0,0.0,0.0,False,False,wait,,False,0,True
d29a300ff92a,1,1,"[""67a434f963f5"",""5898067122eb"",""355f8f7bf174"",""e90080a0e2da"",""36e6d8533839"",""69c10ceb2dd4"",""048e665ca9b7""]",not_persisted_in_legacy_trace,unknown,0.0,0.0,0.0,False,False,wait,,False,0,True
3a7ef8fb12cf,1,1,"[""67a434f963f5"",""5898067122eb"",""355f8f7bf174"",""e90080a0e2da"",""36e6d8533839"",""69c10ceb2dd4"",""048e665ca9b7""]",not_persisted_in_legacy_trace,unknown,0.0,0.0,0.0,False,False,wait,,False,0,True
b0080bc64318,1,1,"[""67a434f963f5"",""5898067122eb"",""355f8f7bf174"",""e90080a0e2da"",""36e6d8533839"",""69c10ceb2dd4"",""048e665ca9b7""]",not_persisted_in_legacy_trace,unknown,0.0,0.0,0.0,False,False,wait,,False,0,True
ce71cde55b14,1,1,"[""67a434f963f5"",""5898067122eb"",""355f8f7bf174"",""e90080a0e2da"",""36e6d8533839"",""69c10ceb2dd4"",""048e665ca9b7""]",not_persisted_in_legacy_trace,unknown,0.0,0.0,0.0,False,False,wait,,False,0,True
988d31f13868,1,1,"[""67a434f963f5"",""5898067122eb"",""355f8f7bf174"",""e90080a0e2da"",""36e6d8533839"",""69c10ceb2dd4"",""048e665ca9b7""]",not_persisted_in_legacy_trace,unknown,0.0,0.0,0.0,False,False,wait,,False,0,True
587482c2c15e,1,1,"[""67a434f963f5"",""5898067122eb"",""355f8f7bf174"",""e90080a0e2da"",""36e6d8533839"",""69c10ceb2dd4"",""048e665ca9b7""]",not_persisted_in_legacy_trace,unknown,0.0,0.0,0.0,False,False,wait,,False,0,True
80a90d0277a3,1,1,"[""67a434f963f5"",""5898067122eb"",""355f8f7bf174"",""e90080a0e2da"",""36e6d8533839"",""69c10ceb2dd4"",""048e665ca9b7""]",not_persisted_in_legacy_trace,unknown,0.0,0.0,0.0,False,False,wait,,False,0,True
186974de7dab,1,1,"[""67a434f963f5"",""5898067122eb"",""355f8f7bf174"",""e90080a0e2da"",""36e6d8533839"",""69c10ceb2dd4"",""048e665ca9b7""]",not_persisted_in_legacy_trace,unknown,0.0,0.0,0.0,False,False,wait,,False,0,True
c5225d3b0747,1,1,"[""67a434f963f5"",""5898067122eb"",""355f8f7bf174"",""e90080a0e2da"",""36e6d8533839"",""69c10ceb2dd4"",""048e665ca9b7""]",not_persisted_in_legacy_trace,unknown,0.0,0.0,0.0,False,False,wait,,False,0,True
36e287e2adb1,1,1,"[""67a434f963f5"",""5898067122eb"",""355f8f7bf174"",""e90080a0e2da"",""36e6d8533839"",""69c10ceb2dd4"",""048e665ca9b7""]",not_persisted_in_legacy_trace,unknown,0.0,0.0,0.0,False,False,wait,,False,0,True
11d6d3c05ecd,1,1,"[""67a434f963f5"",""5898067122eb"",""355f8f7bf174"",""e90080a0e2da"",""36e6d8533839"",""69c10ceb2dd4"",""048e665ca9b7""]",not_persisted_in_legacy_trace,unknown,0.0,0.0,0.0,False,False,wait,,False,0,True
6d1d733dd0e3,1,1,"[""67a434f963f5"",""5898067122eb"",""355f8f7bf174"",""e90080a0e2da"",""36e6d8533839"",""69c10ceb2dd4"",""048e665ca9b7""]",not_persisted_in_legacy_trace,unknown,0.0,0.0,0.0,False,False,wait,,False,0,True
6534eabe195d,1,1,"[""67a434f963f5"",""5898067122eb"",""355f8f7bf174"",""e90080a0e2da"",""36e6d8533839"",""69c10ceb2dd4"",""048e665ca9b7""]",not_persisted_in_legacy_trace,unknown,0.0,0.0,0.0,False,False,wait,,False,0,True
0cc1a3daab51,1,1,"[""67a434f963f5"",""5898067122eb"",""355f8f7bf174"",""e90080a0e2da"",""36e6d8533839"",""69c10ceb2dd4"",""048e665ca9b7""]",not_persisted_in_legacy_trace,unknown,0.0,0.0,0.0,False,False,wait,,False,0,True
d27cd2220222,1,1,"[""67a434f963f5"",""5898067122eb"",""355f8f7bf174"",""e90080a0e2da"",""36e6d8533839"",""69c10ceb2dd4"",""048e665ca9b7""]",not_persisted_in_legacy_trace,unknown,0.0,0.0,0.0,False,False,wait,,False,0,True
32a540ac7e39,1,1,"[""67a434f963f5"",""5898067122eb"",""355f8f7bf174"",""e90080a0e2da"",""36e6d8533839"",""69c10ceb2dd4"",""048e665ca9b7""]",not_persisted_in_legacy_trace,unknown,0.0,0.0,0.0,False,False,wait,,False,0,True
b6ce2ed1450d,1,1,"[""67a434f963f5"",""5898067122eb"",""355f8f7bf174"",""e90080a0e2da"",""36e6d8533839"",""69c10ceb2dd4"",""048e665ca9b7""]",not_persisted_in_legacy_trace,unknown,0.0,0.0,0.0,False,False,wait,,False,0,True
0fcd1ea09ee4,1,1,"[""67a434f963f5"",""5898067122eb"",""355f8f7bf174"",""e90080a0e2da"",""36e6d8533839"",""69c10ceb2dd4"",""048e665ca9b7""]",not_persisted_in_legacy_trace,unknown,0.0,0.0,0.0,False,False,wait,,False,0,True
27d38cfb825a,1,1,"[""67a434f963f5"",""5898067122eb"",""355f8f7bf174"",""e90080a0e2da"",""36e6d8533839"",""69c10ceb2dd4"",""048e665ca9b7""]",not_persisted_in_legacy_trace,unknown,0.0,0.0,0.0,False,False,wait,,False,0,True
a532fffd65c5,1,1,"[""67a434f963f5"",""5898067122eb"",""355f8f7bf174"",""e90080a0e2da"",""36e6d8533839"",""69c10ceb2dd4"",""048e665ca9b7""]",not_persisted_in_legacy_trace,unknown,0.0,0.0,0.0,False,False,wait,,False,0,True
9c2dbcb3ea5b,1,1,"[""67a434f963f5"",""5898067122eb"",""355f8f7bf174"",""e90080a0e2da"",""36e6d8533839"",""69c10ceb2dd4"",""048e665ca9b7""]",not_persisted_in_legacy_trace,unknown,0.0,0.0,0.0,False,False,wait,,False,0,True
99297e40d645,1,1,"[""67a434f963f5"",""5898067122eb"",""355f8f7bf174"",""e90080a0e2da"",""36e6d8533839"",""69c10ceb2dd4"",""048e665ca9b7""]",not_persisted_in_legacy_trace,unknown,0.0,0.0,0.0,False,False,wait,,False,0,True
20bf64663b64,1,1,"[""67a434f963f5"",""5898067122eb"",""355f8f7bf174"",""e90080a0e2da"",""36e6d8533839"",""69c10ceb2dd4"",""048e665ca9b7""]",not_persisted_in_legacy_trace,unknown,0.0,0.0,0.0,False,False,wait,,False,0,True
bbb39940d4c6,1,1,"[""67a434f963f5"",""5898067122eb"",""355f8f7bf174"",""e90080a0e2da"",""36e6d8533839"",""69c10ceb2dd4"",""048e665ca9b7""]",not_persisted_in_legacy_trace,unknown,0.0,0.0,0.0,False,False,wait,,False,0,True
de2eace231f4,1,1,"[""67a434f963f5"",""5898067122eb"",""355f8f7bf174"",""e90080a0e2da"",""36e6d8533839"",""69c10ceb2dd4"",""048e665ca9b7""]",not_persisted_in_legacy_trace,unknown,0.0,0.0,0.0,False,False,wait,,False,0,True
04e4320e6716,1,1,"[""67a434f963f5"",""5898067122eb"",""355f8f7bf174"",""e90080a0e2da"",""36e6d8533839"",""69c10ceb2dd4"",""048e665ca9b7""]",not_persisted_in_legacy_trace,unknown,0.0,0.0,0.0,False,False,wait,,False,0,True
ca8d4d4a446b,1,1,"[""67a434f963f5"",""5898067122eb"",""355f8f7bf174"",""e90080a0e2da"",""36e6d8533839"",""69c10ceb2dd4"",""048e665ca9b7""]",not_persisted_in_legacy_trace,unknown,0.0,0.0,0.0,False,False,wait,,False,0,True
8dedb02bfe98,1,1,"[""67a434f963f5"",""5898067122eb"",""355f8f7bf174"",""e90080a0e2da"",""36e6d8533839"",""69c10ceb2dd4"",""048e665ca9b7""]",not_persisted_in_legacy_trace,unknown,0.0,0.0,0.0,False,False,wait,,False,0,True
85595a200539,1,1,"[""67a434f963f5"",""5898067122eb"",""355f8f7bf174"",""e90080a0e2da"",""36e6d8533839"",""69c10ceb2dd4"",""048e665ca9b7""]",not_persisted_in_legacy_trace,unknown,0.0,0.0,0.0,False,False,wait,,False,0,True
2c43fbfc5695,1,1,"[""67a434f963f5"",""5898067122eb"",""355f8f7bf174"",""e90080a0e2da"",""36e6d8533839"",""69c10ceb2dd4"",""048e665ca9b7""]",not_persisted_in_legacy_trace,unknown,0.0,0.0,0.0,False,False,wait,,False,0,True
cbf03c962c6b,1,1,"[""67a434f963f5"",""5898067122eb"",""355f8f7bf174"",""e90080a0e2da"",""36e6d8533839"",""69c10ceb2dd4"",""048e665ca9b7""]",not_persisted_in_legacy_trace,unknown,0.0,0.0,0.0,False,False,wait,,False,0,True
4addb166321a,1,1,"[""67a434f963f5"",""5898067122eb"",""355f8f7bf174"",""e90080a0e2da"",""36e6d8533839"",""69c10ceb2dd4"",""048e665ca9b7""]",not_persisted_in_legacy_trace,unknown,0.0,0.0,0.0,False,False,wait,,False,0,True
bf7d79597bcd,1,1,"[""67a434f963f5"",""5898067122eb"",""355f8f7bf174"",""e90080a0e2da"",""36e6d8533839"",""69c10ceb2dd4"",""048e665ca9b7""]",not_persisted_in_legacy_trace,unknown,0.0,0.0,0.0,False,False,wait,,False,0,True
85ab869530d5,1,1,"[""67a434f963f5"",""5898067122eb"",""355f8f7bf174"",""e90080a0e2da"",""36e6d8533839"",""69c10ceb2dd4"",""048e665ca9b7""]",not_persisted_in_legacy_trace,unknown,0.0,0.0,0.0,False,False,wait,,False,0,True
eb555ee43531,1,1,"[""67a434f963f5"",""5898067122eb"",""355f8f7bf174"",""e90080a0e2da"",""36e6d8533839"",""69c10ceb2dd4"",""048e665ca9b7""]",not_persisted_in_legacy_trace,unknown,0.0,0.0,0.0,False,False,wait,,False,0,True
cc060c6729d8,1,1,"[""67a434f963f5"",""5898067122eb"",""355f8f7bf174"",""e90080a0e2da"",""36e6d8533839"",""69c10ceb2dd4"",""048e665ca9b7""]",not_persisted_in_legacy_trace,unknown,0.0,0.0,0.0,False,False,wait,,False,0,True
3fa657f0011f,1,1,"[""67a434f963f5"",""5898067122eb"",""355f8f7bf174"",""e90080a0e2da"",""36e6d8533839"",""69c10ceb2dd4"",""048e665ca9b7""]",not_persisted_in_legacy_trace,unknown,0.0,0.0,0.0,False,False,wait,,False,0,True
8d4309d41167,1,1,"[""67a434f963f5"",""5898067122eb"",""355f8f7bf174"",""e90080a0e2da"",""36e6d8533839"",""69c10ceb2dd4"",""048e665ca9b7""]",not_persisted_in_legacy_trace,unknown,0.0,0.0,0.0,False,False,wait,,False,0,True
674fb1c56806,1,1,"[""67a434f963f5"",""5898067122eb"",""355f8f7bf174"",""e90080a0e2da"",""36e6d8533839"",""69c10ceb2dd4"",""048e665ca9b7""]",not_persisted_in_legacy_trace,unknown,0.0,0.0,0.0,False,False,wait,,False,0,True
e06bab78d71b,1,1,"[""67a434f963f5"",""5898067122eb"",""355f8f7bf174"",""e90080a0e2da"",""36e6d8533839"",""69c10ceb2dd4"",""048e665ca9b7""]",not_persisted_in_legacy_trace,unknown,0.0,0.0,0.0,False,False,wait,,False,0,True
291e0eb85922,1,1,"[""67a434f963f5"",""5898067122eb"",""355f8f7bf174"",""e90080a0e2da"",""36e6d8533839"",""69c10ceb2dd4"",""048e665ca9b7""]",not_persisted_in_legacy_trace,unknown,0.0,0.0,0.0,False,False,wait,,False,0,True
7ebf7a0ca6d4,1,1,"[""67a434f963f5"",""5898067122eb"",""355f8f7bf174"",""e90080a0e2da"",""36e6d8533839"",""69c10ceb2dd4"",""048e665ca9b7""]",not_persisted_in_legacy_trace,unknown,0.0,0.0,0.0,False,False,wait,,False,0,True
73c7d9774351,1,1,"[""67a434f963f5"",""5898067122eb"",""355f8f7bf174"",""e90080a0e2da"",""36e6d8533839"",""69c10ceb2dd4"",""048e665ca9b7""]",not_persisted_in_legacy_trace,unknown,0.0,0.0,0.0,False,False,wait,,False,0,True
24db34150866,1,1,"[""67a434f963f5"",""5898067122eb"",""355f8f7bf174"",""e90080a0e2da"",""36e6d8533839"",""69c10ceb2dd4"",""048e665ca9b7""]",not_persisted_in_legacy_trace,unknown,0.0,0.0,0.0,False,False,wait,,False,0,True
5d22615f6478,1,1,"[""67a434f963f5"",""5898067122eb"",""355f8f7bf174"",""e90080a0e2da"",""36e6d8533839"",""69c10ceb2dd4"",""048e665ca9b7""]",not_persisted_in_legacy_trace,unknown,0.0,0.0,0.0,False,False,wait,,False,0,True
dad3a08ecc69,1,1,"[""67a434f963f5"",""5898067122eb"",""355f8f7bf174"",""e90080a0e2da"",""36e6d8533839"",""69c10ceb2dd4"",""048e665ca9b7""]",not_persisted_in_legacy_trace,unknown,0.0,0.0,0.0,False,False,wait,,False,0,True
e35da62791f7,1,1,"[""67a434f963f5"",""5898067122eb"",""355f8f7bf174"",""e90080a0e2da"",""36e6d8533839"",""69c10ceb2dd4"",""048e665ca9b7""]",not_persisted_in_legacy_trace,unknown,0.0,0.0,0.0,False,False,wait,,False,0,True
f0dae4b23b3b,1,1,"[""67a434f963f5"",""5898067122eb"",""355f8f7bf174"",""e90080a0e2da"",""36e6d8533839"",""69c10ceb2dd4"",""048e665ca9b7""]",not_persisted_in_legacy_trace,unknown,0.0,0.0,0.0,False,False,wait,,False,0,True
83c7724c682d,1,1,"[""67a434f963f5"",""5898067122eb"",""355f8f7bf174"",""e90080a0e2da"",""36e6d8533839"",""69c10ceb2dd4"",""048e665ca9b7""]",not_persisted_in_legacy_trace,unknown,0.0,0.0,0.0,False,False,wait,,False,0,True
02dc7613d07e,1,1,"[""67a434f963f5"",""5898067122eb"",""355f8f7bf174"",""e90080a0e2da"",""36e6d8533839"",""69c10ceb2dd4"",""048e665ca9b7""]",not_persisted_in_legacy_trace,unknown,0.0,0.0,0.0,False,False,wait,,False,0,True
d84e27dcddcc,1,1,"[""67a434f963f5"",""5898067122eb"",""355f8f7bf174"",""e90080a0e2da"",""36e6d8533839"",""69c10ceb2dd4"",""048e665ca9b7""]",not_persisted_in_legacy_trace,unknown,0.0,0.0,0.0,False,False,wait,,False,0,True
8b94a0b6f93b,1,1,"[""67a434f963f5"",""5898067122eb"",""355f8f7bf174"",""e90080a0e2da"",""36e6d8533839"",""69c10ceb2dd4"",""048e665ca9b7""]",not_persisted_in_legacy_trace,unknown,0.0,0.0,0.0,False,False,wait,,False,0,True
c80b514b8506,1,1,"[""67a434f963f5"",""5898067122eb"",""355f8f7bf174"",""e90080a0e2da"",""36e6d8533839"",""69c10ceb2dd4"",""048e665ca9b7""]",not_persisted_in_legacy_trace,unknown,0.0,0.0,0.0,False,False,wait,,False,0,True
2cf28c98f0f8,1,1,"[""67a434f963f5"",""5898067122eb"",""355f8f7bf174"",""e90080a0e2da"",""36e6d8533839"",""69c10ceb2dd4"",""048e665ca9b7""]",not_persisted_in_legacy_trace,unknown,0.0,0.0,0.0,False,False,wait,,False,0,True
3121f54887e3,1,1,"[""67a434f963f5"",""5898067122eb"",""355f8f7bf174"",""e90080a0e2da"",""36e6d8533839"",""69c10ceb2dd4"",""048e665ca9b7""]",not_persisted_in_legacy_trace,unknown,0.0,0.0,0.0,False,False,wait,,False,0,True
b9d45506be4e,1,1,"[""67a434f963f5"",""5898067122eb"",""355f8f7bf174"",""e90080a0e2da"",""36e6d8533839"",""69c10ceb2dd4"",""048e665ca9b7""]",not_persisted_in_legacy_trace,unknown,0.0,0.0,0.0,False,False,wait,,False,0,True
4b91f362806b,1,1,"[""67a434f963f5"",""5898067122eb"",""355f8f7bf174"",""e90080a0e2da"",""36e6d8533839"",""69c10ceb2dd4"",""048e665ca9b7""]",not_persisted_in_legacy_trace,unknown,0.0,0.0,0.0,False,False,wait,,False,0,True
ad7d7136a498,1,1,"[""67a434f963f5"",""5898067122eb"",""355f8f7bf174"",""e90080a0e2da"",""36e6d8533839"",""69c10ceb2dd4"",""048e665ca9b7""]",not_persisted_in_legacy_trace,unknown,0.0,0.0,0.0,False,False,wait,,False,0,True
081f83989a73,1,1,"[""67a434f963f5"",""5898067122eb"",""355f8f7bf174"",""e90080a0e2da"",""36e6d8533839"",""69c10ceb2dd4"",""048e665ca9b7""]",not_persisted_in_legacy_trace,unknown,0.0,0.0,0.0,False,False,wait,,False,0,True
10fbf16fecd6,1,1,"[""67a434f963f5"",""5898067122eb"",""355f8f7bf174"",""e90080a0e2da"",""36e6d8533839"",""69c10ceb2dd4"",""048e665ca9b7""]",not_persisted_in_legacy_trace,unknown,0.0,0.0,0.0,False,False,wait,,False,0,True
dd59d67e9ac0,1,1,"[""67a434f963f5"",""5898067122eb"",""355f8f7bf174"",""e90080a0e2da"",""36e6d8533839"",""69c10ceb2dd4"",""048e665ca9b7""]",not_persisted_in_legacy_trace,unknown,0.0,0.0,0.0,False,False,wait,,False,0,True
7ac792a30aa8,1,1,"[""67a434f963f5"",""5898067122eb"",""355f8f7bf174"",""e90080a0e2da"",""36e6d8533839"",""69c10ceb2dd4"",""048e665ca9b7""]",not_persisted_in_legacy_trace,unknown,0.0,0.0,0.0,False,False,wait,,False,0,True
876888f9e409,1,1,"[""67a434f963f5"",""5898067122eb"",""355f8f7bf174"",""e90080a0e2da"",""36e6d8533839"",""69c10ceb2dd4"",""048e665ca9b7""]",not_persisted_in_legacy_trace,unknown,0.0,0.0,0.0,False,False,wait,,False,0,True
71ba5212b031,1,1,"[""67a434f963f5"",""5898067122eb"",""355f8f7bf174"",""e90080a0e2da"",""36e6d8533839"",""69c10ceb2dd4"",""048e665ca9b7""]",not_persisted_in_legacy_trace,unknown,0.0,0.0,0.0,False,False,wait,,False,0,True
d8481c6442f8,1,1,"[""67a434f963f5"",""5898067122eb"",""355f8f7bf174"",""e90080a0e2da"",""36e6d8533839"",""69c10ceb2dd4"",""048e665ca9b7""]",not_persisted_in_legacy_trace,unknown,0.0,0.0,0.0,False,False,wait,,False,0,True
72613404c8e2,1,1,"[""67a434f963f5"",""5898067122eb"",""355f8f7bf174"",""e90080a0e2da"",""36e6d8533839"",""69c10ceb2dd4"",""048e665ca9b7""]",not_persisted_in_legacy_trace,unknown,0.0,0.0,0.0,False,False,wait,,False,0,True
12c1a07e566d,2,63,"[""67a434f963f5"",""5898067122eb"",""355f8f7bf174"",""e90080a0e2da"",""36e6d8533839"",""69c10ceb2dd4"",""048e665ca9b7""]",not_persisted_in_legacy_trace,unknown,0.0,0.0,0.0,False,False,take_order,,False,0,True
7bcfc3861f18,3,64,"[""67a434f963f5"",""5898067122eb"",""355f8f7bf174"",""e90080a0e2da"",""36e6d8533839"",""69c10ceb2dd4"",""048e665ca9b7""]",not_persisted_in_legacy_trace,unknown,0.0,0.0,0.0,False,False,take_order,,False,0,True
88a2dfe73884,4,58,"[""67a434f963f5"",""5898067122eb"",""355f8f7bf174"",""e90080a0e2da"",""36e6d8533839"",""69c10ceb2dd4"",""048e665ca9b7""]",not_persisted_in_legacy_trace,unknown,0.0,0.0,0.0,False,False,wait,,False,0,True
a24f5afa2959,5,59,"[""67a434f963f5"",""5898067122eb"",""355f8f7bf174"",""e90080a0e2da"",""36e6d8533839"",""69c10ceb2dd4"",""048e665ca9b7""]",not_persisted_in_legacy_trace,unknown,0.0,0.0,0.0,False,False,wait,,False,0,True
dd5ce5fe567a,6,27,"[""67a434f963f5"",""5898067122eb"",""355f8f7bf174"",""e90080a0e2da"",""36e6d8533839"",""69c10ceb2dd4"",""048e665ca9b7""]",not_persisted_in_legacy_trace,unknown,0.0,0.0,0.0,False,False,take_order,,False,0,True
f20be6a60079,7,55,"[""67a434f963f5"",""5898067122eb"",""355f8f7bf174"",""e90080a0e2da"",""36e6d8533839"",""69c10ceb2dd4"",""048e665ca9b7""]",not_persisted_in_legacy_trace,unknown,0.0,0.0,0.0,False,False,take_order,,False,0,True
22c887bfb5af,8,48,"[""67a434f963f5"",""5898067122eb"",""355f8f7bf174"",""e90080a0e2da"",""36e6d8533839"",""69c10ceb2dd4"",""048e665ca9b7""]",not_persisted_in_legacy_trace,unknown,0.0,0.0,0.0,False,False,wait,,False,0,True
95405a285cae,9,47,"[""67a434f963f5"",""5898067122eb"",""355f8f7bf174"",""e90080a0e2da"",""36e6d8533839"",""69c10ceb2dd4"",""048e665ca9b7""]",not_persisted_in_legacy_trace,unknown,0.0,0.0,0.0,False,False,wait,,False,0,True
234046f71c62,10,27,"[""67a434f963f5"",""5898067122eb"",""355f8f7bf174"",""e90080a0e2da"",""36e6d8533839"",""69c10ceb2dd4"",""048e665ca9b7""]",not_persisted_in_legacy_trace,unknown,0.0,0.0,0.0,False,False,take_order,,False,0,True
e868ade3f705,11,49,"[""67a434f963f5"",""5898067122eb"",""355f8f7bf174"",""e90080a0e2da"",""36e6d8533839"",""69c10ceb2dd4"",""048e665ca9b7""]",not_persisted_in_legacy_trace,unknown,0.0,0.0,0.0,False,False,take_order,,False,0,True
486656036c9f,12,56,"[""67a434f963f5"",""5898067122eb"",""355f8f7bf174"",""e90080a0e2da"",""36e6d8533839"",""69c10ceb2dd4"",""048e665ca9b7""]",not_persisted_in_legacy_trace,unknown,0.0,0.0,0.0,False,False,wait,,False,0,True
56298c577770,13,34,"[""67a434f963f5"",""5898067122eb"",""355f8f7bf174"",""e90080a0e2da"",""36e6d8533839"",""69c10ceb2dd4"",""048e665ca9b7""]",not_persisted_in_legacy_trace,unknown,0.0,0.0,0.0,False,False,take_order,,False,0,True
7eda486814e1,14,43,"[""67a434f963f5"",""5898067122eb"",""355f8f7bf174"",""e90080a0e2da"",""36e6d8533839"",""69c10ceb2dd4"",""048e665ca9b7""]",not_persisted_in_legacy_trace,unknown,0.0,0.0,0.0,False,False,take_order,,False,0,True
664ce1c941b1,15,58,"[""67a434f963f5"",""5898067122eb"",""355f8f7bf174"",""e90080a0e2da"",""36e6d8533839"",""69c10ceb2dd4"",""048e665ca9b7""]",not_persisted_in_legacy_trace,unknown,0.0,0.0,0.0,False,False,wait,,False,0,True
63cecdccb3f6,16,56,"[""67a434f963f5"",""5898067122eb"",""355f8f7bf174"",""e90080a0e2da"",""36e6d8533839"",""69c10ceb2dd4"",""048e665ca9b7""]",not_persisted_in_legacy_trace,unknown,0.0,0.0,0.0,False,False,wait,,False,0,True
040f024d8c52,17,38,"[""67a434f963f5"",""5898067122eb"",""355f8f7bf174"",""e90080a0e2da"",""36e6d8533839"",""69c10ceb2dd4"",""048e665ca9b7""]",not_persisted_in_legacy_trace,unknown,0.0,0.0,0.0,False,False,take_order,,False,0,True
a5f14d62464d,18,43,"[""67a434f963f5"",""5898067122eb"",""355f8f7bf174"",""e90080a0e2da"",""36e6d8533839"",""69c10ceb2dd4"",""048e665ca9b7""]",not_persisted_in_legacy_trace,unknown,0.0,0.0,0.0,False,False,take_order,,False,0,True
195c8a589e02,19,47,"[""67a434f963f5"",""5898067122eb"",""355f8f7bf174"",""e90080a0e2da"",""36e6d8533839"",""69c10ceb2dd4"",""048e665ca9b7""]",not_persisted_in_legacy_trace,unknown,0.0,0.0,0.0,False,False,wait,,False,0,True
8eaf8af4044e,20,42,"[""67a434f963f5"",""5898067122eb"",""355f8f7bf174"",""e90080a0e2da"",""36e6d8533839"",""69c10ceb2dd4"",""048e665ca9b7""]",not_persisted_in_legacy_trace,unknown,0.0,0.0,0.0,False,False,wait,,False,0,True
12902e348f4b,21,32,"[""67a434f963f5"",""5898067122eb"",""355f8f7bf174"",""e90080a0e2da"",""36e6d8533839"",""69c10ceb2dd4"",""048e665ca9b7""]",not_persisted_in_legacy_trace,unknown,0.0,0.0,0.0,False,False,take_order,,False,0,True
925d25032434,22,40,"[""67a434f963f5"",""5898067122eb"",""355f8f7bf174"",""e90080a0e2da"",""36e6d8533839"",""69c10ceb2dd4"",""048e665ca9b7""]",not_persisted_in_legacy_trace,unknown,0.0,0.0,0.0,False,False,take_order,,False,0,True
5c296bf75c14,23,53,"[""67a434f963f5"",""5898067122eb"",""355f8f7bf174"",""e90080a0e2da"",""36e6d8533839"",""69c10ceb2dd4"",""048e665ca9b7""]",not_persisted_in_legacy_trace,unknown,0.0,0.0,0.0,False,False,take_order,,False,0,True
0a8523d8bcdb,24,54,"[""67a434f963f5"",""5898067122eb"",""355f8f7bf174"",""e90080a0e2da"",""36e6d8533839"",""69c10ceb2dd4"",""048e665ca9b7""]",not_persisted_in_legacy_trace,unknown,0.0,0.0,0.0,False,False,wait,,False,0,True
4305277057e7,25,38,"[""67a434f963f5"",""5898067122eb"",""355f8f7bf174"",""e90080a0e2da"",""36e6d8533839"",""69c10ceb2dd4"",""048e665ca9b7""]",not_persisted_in_legacy_trace,unknown,0.0,0.0,0.0,False,False,take_order,,False,0,True
bba6dbbfd669,26,47,"[""67a434f963f5"",""5898067122eb"",""355f8f7bf174"",""e90080a0e2da"",""36e6d8533839"",""69c10ceb2dd4"",""048e665ca9b7""]",not_persisted_in_legacy_trace,unknown,0.0,0.0,0.0,False,False,take_order,,False,0,True
1b3c98a20001,27,37,"[""67a434f963f5"",""5898067122eb"",""355f8f7bf174"",""e90080a0e2da"",""36e6d8533839"",""69c10ceb2dd4"",""048e665ca9b7""]",not_persisted_in_legacy_trace,unknown,0.0,0.0,0.0,False,False,wait,,False,0,True
85423255e375,28,21,"[""67a434f963f5"",""5898067122eb"",""355f8f7bf174"",""e90080a0e2da"",""36e6d8533839"",""69c10ceb2dd4"",""048e665ca9b7""]",not_persisted_in_legacy_trace,unknown,0.0,0.0,0.0,False,False,take_order,,False,0,True
fd33ba5ee598,29,52,"[""67a434f963f5"",""5898067122eb"",""355f8f7bf174"",""e90080a0e2da"",""36e6d8533839"",""69c10ceb2dd4"",""048e665ca9b7""]",not_persisted_in_legacy_trace,unknown,0.0,0.0,0.0,False,False,take_order,,False,0,True
0b08db38c121,30,61,"[""67a434f963f5"",""5898067122eb"",""355f8f7bf174"",""e90080a0e2da"",""36e6d8533839"",""69c10ceb2dd4"",""048e665ca9b7""]",not_persisted_in_legacy_trace,unknown,0.0,0.0,0.0,False,False,wait,,False,0,True
069125995c28,31,65,"[""67a434f963f5"",""5898067122eb"",""355f8f7bf174"",""e90080a0e2da"",""36e6d8533839"",""69c10ceb2dd4"",""048e665ca9b7""]",not_persisted_in_legacy_trace,unknown,0.0,0.0,0.0,False,False,wait,,False,0,True
2a37087a48a0,32,31,"[""67a434f963f5"",""5898067122eb"",""355f8f7bf174"",""e90080a0e2da"",""36e6d8533839"",""69c10ceb2dd4"",""048e665ca9b7""]",not_persisted_in_legacy_trace,unknown,0.0,0.0,0.0,False,False,take_order,,False,0,True
4351b24d423b,33,52,"[""67a434f963f5"",""5898067122eb"",""355f8f7bf174"",""e90080a0e2da"",""36e6d8533839"",""69c10ceb2dd4"",""048e665ca9b7""]",not_persisted_in_legacy_trace,unknown,0.0,0.0,0.0,False,False,take_order,,False,0,True
873e503489d8,34,50,"[""67a434f963f5"",""5898067122eb"",""355f8f7bf174"",""e90080a0e2da"",""36e6d8533839"",""69c10ceb2dd4"",""048e665ca9b7""]",not_persisted_in_legacy_trace,unknown,0.0,0.0,0.0,False,False,wait,,False,0,True
01ffe7c6f0c3,35,52,"[""67a434f963f5"",""5898067122eb"",""355f8f7bf174"",""e90080a0e2da"",""36e6d8533839"",""69c10ceb2dd4"",""048e665ca9b7""]",not_persisted_in_legacy_trace,unknown,0.0,0.0,0.0,False,False,wait,,False,0,True
f144869f5714,36,56,"[""67a434f963f5"",""5898067122eb"",""355f8f7bf174"",""e90080a0e2da"",""36e6d8533839"",""69c10ceb2dd4"",""048e665ca9b7""]",not_persisted_in_legacy_trace,unknown,0.0,0.0,0.0,False,False,wait,,False,0,True
ab8279de477e,37,47,"[""67a434f963f5"",""5898067122eb"",""355f8f7bf174"",""e90080a0e2da"",""36e6d8533839"",""69c10ceb2dd4"",""048e665ca9b7""]",not_persisted_in_legacy_trace,unknown,0.0,0.0,0.0,False,False,reposition,,False,0,True
53ef224eeb11,39,58,"[""67a434f963f5"",""5898067122eb"",""355f8f7bf174"",""e90080a0e2da"",""36e6d8533839"",""69c10ceb2dd4"",""048e665ca9b7""]",not_persisted_in_legacy_trace,unknown,0.0,0.0,0.0,False,False,take_order,,False,0,True
3f74c6cc7157,40,39,"[""67a434f963f5"",""5898067122eb"",""355f8f7bf174"",""e90080a0e2da"",""36e6d8533839"",""69c10ceb2dd4"",""048e665ca9b7""]",not_persisted_in_legacy_trace,unknown,0.0,0.0,0.0,False,False,wait,,False,0,True
8bf8945248ec,41,43,"[""67a434f963f5"",""5898067122eb"",""355f8f7bf174"",""e90080a0e2da"",""36e6d8533839"",""69c10ceb2dd4"",""048e665ca9b7""]",not_persisted_in_legacy_trace,unknown,0.0,0.0,0.0,False,False,wait,,False,0,True
403801fd544a,42,46,"[""67a434f963f5"",""5898067122eb"",""355f8f7bf174"",""e90080a0e2da"",""36e6d8533839"",""69c10ceb2dd4"",""048e665ca9b7""]",not_persisted_in_legacy_trace,unknown,0.0,0.0,0.0,False,False,wait,,False,0,True
1e1f93a168e9,43,53,"[""67a434f963f5"",""5898067122eb"",""355f8f7bf174"",""e90080a0e2da"",""36e6d8533839"",""69c10ceb2dd4"",""048e665ca9b7""]",not_persisted_in_legacy_trace,unknown,0.0,0.0,0.0,False,False,reposition,,False,0,True
3f20c174de8d,45,50,"[""67a434f963f5"",""5898067122eb"",""355f8f7bf174"",""e90080a0e2da"",""36e6d8533839"",""69c10ceb2dd4"",""048e665ca9b7""]",not_persisted_in_legacy_trace,unknown,0.0,0.0,0.0,False,False,take_order,,False,0,True
d6e8ec6b205e,46,44,"[""67a434f963f5"",""5898067122eb"",""355f8f7bf174"",""e90080a0e2da"",""36e6d8533839"",""69c10ceb2dd4"",""048e665ca9b7""]",not_persisted_in_legacy_trace,unknown,0.0,0.0,0.0,False,False,take_order,,False,0,True
0e3b4baa8a8d,47,41,"[""67a434f963f5"",""5898067122eb"",""355f8f7bf174"",""e90080a0e2da"",""36e6d8533839"",""69c10ceb2dd4"",""048e665ca9b7""]",not_persisted_in_legacy_trace,unknown,0.0,0.0,0.0,False,False,wait,,False,0,True
f82b3b7ededd,48,39,"[""67a434f963f5"",""5898067122eb"",""355f8f7bf174"",""e90080a0e2da"",""36e6d8533839"",""69c10ceb2dd4"",""048e665ca9b7""]",not_persisted_in_legacy_trace,unknown,0.0,0.0,0.0,False,False,wait,,False,0,True
fbedac7eb6b0,49,34,"[""67a434f963f5"",""5898067122eb"",""355f8f7bf174"",""e90080a0e2da"",""36e6d8533839"",""69c10ceb2dd4"",""048e665ca9b7""]",not_persisted_in_legacy_trace,unknown,0.0,0.0,0.0,False,False,take_order,,False,0,True
cfe4be2d3d6b,50,39,"[""67a434f963f5"",""5898067122eb"",""355f8f7bf174"",""e90080a0e2da"",""36e6d8533839"",""69c10ceb2dd4"",""048e665ca9b7""]",not_persisted_in_legacy_trace,unknown,0.0,0.0,0.0,False,False,take_order,,False,0,True
2933eefc6c01,51,70,"[""67a434f963f5"",""5898067122eb"",""355f8f7bf174"",""e90080a0e2da"",""36e6d8533839"",""69c10ceb2dd4"",""048e665ca9b7""]",not_persisted_in_legacy_trace,unknown,0.0,0.0,0.0,False,False,wait,,False,0,True
a0f3df4175ce,52,74,"[""67a434f963f5"",""5898067122eb"",""355f8f7bf174"",""e90080a0e2da"",""36e6d8533839"",""69c10ceb2dd4"",""048e665ca9b7""]",not_persisted_in_legacy_trace,unknown,0.0,0.0,0.0,False,False,wait,,False,0,True
310a8eaef89e,53,48,"[""67a434f963f5"",""5898067122eb"",""355f8f7bf174"",""e90080a0e2da"",""36e6d8533839"",""69c10ceb2dd4"",""048e665ca9b7""]",not_persisted_in_legacy_trace,unknown,0.0,0.0,0.0,False,False,take_order,,False,0,True
1bf7f0cf6626,54,44,"[""67a434f963f5"",""5898067122eb"",""355f8f7bf174"",""e90080a0e2da"",""36e6d8533839"",""69c10ceb2dd4"",""048e665ca9b7""]",not_persisted_in_legacy_trace,unknown,0.0,0.0,0.0,False,False,take_order,,False,0,True
f3960aa5db03,55,35,"[""67a434f963f5"",""5898067122eb"",""355f8f7bf174"",""e90080a0e2da"",""36e6d8533839"",""69c10ceb2dd4"",""048e665ca9b7""]",not_persisted_in_legacy_trace,unknown,0.0,0.0,0.0,False,False,wait,,False,0,True
4e0e373233f3,56,43,"[""67a434f963f5"",""5898067122eb"",""355f8f7bf174"",""e90080a0e2da"",""36e6d8533839"",""69c10ceb2dd4"",""048e665ca9b7""]",not_persisted_in_legacy_trace,unknown,0.0,0.0,0.0,False,False,wait,,False,0,True
d376e629ced3,57,42,"[""67a434f963f5"",""5898067122eb"",""355f8f7bf174"",""e90080a0e2da"",""36e6d8533839"",""69c10ceb2dd4"",""048e665ca9b7""]",not_persisted_in_legacy_trace,unknown,0.0,0.0,0.0,False,False,wait,,False,0,True
6649717c135d,58,36,"[""67a434f963f5"",""5898067122eb"",""355f8f7bf174"",""e90080a0e2da"",""36e6d8533839"",""69c10ceb2dd4"",""048e665ca9b7""]",not_persisted_in_legacy_trace,unknown,0.0,0.0,0.0,False,False,reposition,,False,0,True
9b6ca0585967,60,46,"[""67a434f963f5"",""5898067122eb"",""355f8f7bf174"",""e90080a0e2da"",""36e6d8533839"",""69c10ceb2dd4"",""048e665ca9b7""]",not_persisted_in_legacy_trace,unknown,0.0,0.0,0.0,False,False,take_order,,False,0,True
de7cf4eb1c88,61,33,"[""67a434f963f5"",""5898067122eb"",""355f8f7bf174"",""e90080a0e2da"",""36e6d8533839"",""69c10ceb2dd4"",""048e665ca9b7""]",not_persisted_in_legacy_trace,unknown,0.0,0.0,0.0,False,False,take_order,,False,0,True
a8992680502d,62,31,"[""67a434f963f5"",""5898067122eb"",""355f8f7bf174"",""e90080a0e2da"",""36e6d8533839"",""69c10ceb2dd4"",""048e665ca9b7""]",not_persisted_in_legacy_trace,unknown,0.0,0.0,0.0,False,False,wait,,False,0,True
fe145f2afa45,63,44,"[""67a434f963f5"",""5898067122eb"",""355f8f7bf174"",""e90080a0e2da"",""36e6d8533839"",""69c10ceb2dd4"",""048e665ca9b7""]",not_persisted_in_legacy_trace,unknown,0.0,0.0,0.0,False,False,wait,,False,0,True
18e53d8420d7,64,26,"[""67a434f963f5"",""5898067122eb"",""355f8f7bf174"",""e90080a0e2da"",""36e6d8533839"",""69c10ceb2dd4"",""048e665ca9b7""]",not_persisted_in_legacy_trace,unknown,0.0,0.0,0.0,False,False,take_order,,False,0,True
5f2bb90bfcd1,65,35,"[""67a434f963f5"",""5898067122eb"",""355f8f7bf174"",""e90080a0e2da"",""36e6d8533839"",""69c10ceb2dd4"",""048e665ca9b7""]",not_persisted_in_legacy_trace,unknown,0.0,0.0,0.0,False,False,take_order,,False,0,True
4d48232f4eb1,66,37,"[""67a434f963f5"",""5898067122eb"",""355f8f7bf174"",""e90080a0e2da"",""36e6d8533839"",""69c10ceb2dd4"",""048e665ca9b7""]",not_persisted_in_legacy_trace,unknown,0.0,0.0,0.0,False,False,take_order,,False,0,True
7752daa846e2,67,44,"[""67a434f963f5"",""5898067122eb"",""355f8f7bf174"",""e90080a0e2da"",""36e6d8533839"",""69c10ceb2dd4"",""048e665ca9b7""]",not_persisted_in_legacy_trace,unknown,0.0,0.0,0.0,False,False,wait,,False,0,True
44a7eaa2205a,68,37,"[""67a434f963f5"",""5898067122eb"",""355f8f7bf174"",""e90080a0e2da"",""36e6d8533839"",""69c10ceb2dd4"",""048e665ca9b7""]",not_persisted_in_legacy_trace,unknown,0.0,0.0,0.0,False,False,wait,,False,0,True
eaa64f12a4dd,69,27,"[""67a434f963f5"",""5898067122eb"",""355f8f7bf174"",""e90080a0e2da"",""36e6d8533839"",""69c10ceb2dd4"",""048e665ca9b7""]",not_persisted_in_legacy_trace,unknown,0.0,0.0,0.0,False,False,take_order,,False,0,True
d0a1683e3c0b,70,40,"[""67a434f963f5"",""5898067122eb"",""355f8f7bf174"",""e90080a0e2da"",""36e6d8533839"",""69c10ceb2dd4"",""048e665ca9b7""]",not_persisted_in_legacy_trace,unknown,0.0,0.0,0.0,False,False,take_order,,False,0,True
40863d15544a,71,39,"[""67a434f963f5"",""5898067122eb"",""355f8f7bf174"",""e90080a0e2da"",""36e6d8533839"",""69c10ceb2dd4"",""048e665ca9b7""]",not_persisted_in_legacy_trace,unknown,0.0,0.0,0.0,False,False,wait,,False,0,True
8ea1838895cc,72,50,"[""67a434f963f5"",""5898067122eb"",""355f8f7bf174"",""e90080a0e2da"",""36e6d8533839"",""69c10ceb2dd4"",""048e665ca9b7""]",not_persisted_in_legacy_trace,unknown,0.0,0.0,0.0,False,False,wait,,False,0,True
6a1a89d1173f,73,41,"[""67a434f963f5"",""5898067122eb"",""355f8f7bf174"",""e90080a0e2da"",""36e6d8533839"",""69c10ceb2dd4"",""048e665ca9b7""]",not_persisted_in_legacy_trace,unknown,0.0,0.0,0.0,False,False,wait,,False,0,True
2b3b26c6eff1,74,39,"[""67a434f963f5"",""5898067122eb"",""355f8f7bf174"",""e90080a0e2da"",""36e6d8533839"",""69c10ceb2dd4"",""048e665ca9b7""]",not_persisted_in_legacy_trace,unknown,0.0,0.0,0.0,False,False,reposition,,False,0,True
b23ed7bf235a,76,38,"[""67a434f963f5"",""5898067122eb"",""355f8f7bf174"",""e90080a0e2da"",""36e6d8533839"",""69c10ceb2dd4"",""048e665ca9b7""]",not_persisted_in_legacy_trace,unknown,0.0,0.0,0.0,False,False,take_order,,False,0,True
c061f31fb916,77,48,"[""67a434f963f5"",""5898067122eb"",""355f8f7bf174"",""e90080a0e2da"",""36e6d8533839"",""69c10ceb2dd4"",""048e665ca9b7""]",not_persisted_in_legacy_trace,unknown,0.0,0.0,0.0,False,False,take_order,,False,0,True
a14dc1d2ed6d,78,47,"[""67a434f963f5"",""5898067122eb"",""355f8f7bf174"",""e90080a0e2da"",""36e6d8533839"",""69c10ceb2dd4"",""048e665ca9b7""]",not_persisted_in_legacy_trace,unknown,0.0,0.0,0.0,False,False,wait,,False,0,True
02905dd08cf5,79,50,"[""67a434f963f5"",""5898067122eb"",""355f8f7bf174"",""e90080a0e2da"",""36e6d8533839"",""69c10ceb2dd4"",""048e665ca9b7""]",not_persisted_in_legacy_trace,unknown,0.0,0.0,0.0,False,False,wait,,False,0,True
656a69238c80,80,33,"[""67a434f963f5"",""5898067122eb"",""355f8f7bf174"",""e90080a0e2da"",""36e6d8533839"",""69c10ceb2dd4"",""048e665ca9b7""]",not_persisted_in_legacy_trace,unknown,0.0,0.0,0.0,False,False,take_order,,False,0,True
651290b5946b,81,40,"[""67a434f963f5"",""5898067122eb"",""355f8f7bf174"",""e90080a0e2da"",""36e6d8533839"",""69c10ceb2dd4"",""048e665ca9b7""]",not_persisted_in_legacy_trace,unknown,0.0,0.0,0.0,False,False,take_order,,False,0,True
d9f9f7772129,82,48,"[""67a434f963f5"",""5898067122eb"",""355f8f7bf174"",""e90080a0e2da"",""36e6d8533839"",""69c10ceb2dd4"",""048e665ca9b7""]",not_persisted_in_legacy_trace,unknown,0.0,0.0,0.0,False,False,take_order,,False,0,True
84cb66da4a7d,83,54,"[""67a434f963f5"",""5898067122eb"",""355f8f7bf174"",""e90080a0e2da"",""36e6d8533839"",""69c10ceb2dd4"",""048e665ca9b7""]",not_persisted_in_legacy_trace,unknown,0.0,0.0,0.0,False,False,wait,,False,0,True
fb3cccc2e648,84,33,"[""67a434f963f5"",""5898067122eb"",""355f8f7bf174"",""e90080a0e2da"",""36e6d8533839"",""69c10ceb2dd4"",""048e665ca9b7""]",not_persisted_in_legacy_trace,unknown,0.0,0.0,0.0,False,False,take_order,,False,0,True
2e3645a8a3d7,85,34,"[""67a434f963f5"",""5898067122eb"",""355f8f7bf174"",""e90080a0e2da"",""36e6d8533839"",""69c10ceb2dd4"",""048e665ca9b7""]",not_persisted_in_legacy_trace,unknown,0.0,0.0,0.0,False,False,take_order,,False,0,True
14064b94d617,86,49,"[""67a434f963f5"",""5898067122eb"",""355f8f7bf174"",""e90080a0e2da"",""36e6d8533839"",""69c10ceb2dd4"",""048e665ca9b7""]",not_persisted_in_legacy_trace,unknown,0.0,0.0,0.0,False,False,wait,,False,0,True
1690c2d31bc9,87,47,"[""67a434f963f5"",""5898067122eb"",""355f8f7bf174"",""e90080a0e2da"",""36e6d8533839"",""69c10ceb2dd4"",""048e665ca9b7""]",not_persisted_in_legacy_trace,unknown,0.0,0.0,0.0,False,False,wait,,False,0,True
d24aeaa890b0,88,24,"[""67a434f963f5"",""5898067122eb"",""355f8f7bf174"",""e90080a0e2da"",""36e6d8533839"",""69c10ceb2dd4"",""048e665ca9b7""]",not_persisted_in_legacy_trace,unknown,0.0,0.0,0.0,False,False,take_order,,False,0,True
11d7231140f5,89,26,"[""67a434f963f5"",""5898067122eb"",""355f8f7bf174"",""e90080a0e2da"",""36e6d8533839"",""69c10ceb2dd4"",""048e665ca9b7""]",not_persisted_in_legacy_trace,unknown,0.0,0.0,0.0,False,False,take_order,,False,0,True
d1b94c1d06be,90,38,"[""67a434f963f5"",""5898067122eb"",""355f8f7bf174"",""e90080a0e2da"",""36e6d8533839"",""69c10ceb2dd4"",""048e665ca9b7""]",not_persisted_in_legacy_trace,unknown,0.0,0.0,0.0,False,False,wait,,False,0,True
4a3465bb8bde,91,46,"[""67a434f963f5"",""5898067122eb"",""355f8f7bf174"",""e90080a0e2da"",""36e6d8533839"",""69c10ceb2dd4"",""048e665ca9b7""]",not_persisted_in_legacy_trace,unknown,0.0,0.0,0.0,False,False,wait,,False,0,True
e48f33e3b34a,92,47,"[""67a434f963f5"",""5898067122eb"",""355f8f7bf174"",""e90080a0e2da"",""36e6d8533839"",""69c10ceb2dd4"",""048e665ca9b7""]",not_persisted_in_legacy_trace,unknown,0.0,0.0,0.0,False,False,wait,,False,0,True
5ac878e841b9,93,39,"[""67a434f963f5"",""5898067122eb"",""355f8f7bf174"",""e90080a0e2da"",""36e6d8533839"",""69c10ceb2dd4"",""048e665ca9b7""]",not_persisted_in_legacy_trace,unknown,0.0,0.0,0.0,False,False,take_order,,False,0,True
57ccb81ef0cd,94,56,"[""67a434f963f5"",""5898067122eb"",""355f8f7bf174"",""e90080a0e2da"",""36e6d8533839"",""69c10ceb2dd4"",""048e665ca9b7""]",not_persisted_in_legacy_trace,unknown,0.0,0.0,0.0,False,False,take_order,,False,0,True
e9f8ae38a081,95,53,"[""67a434f963f5"",""5898067122eb"",""355f8f7bf174"",""e90080a0e2da"",""36e6d8533839"",""69c10ceb2dd4"",""048e665ca9b7""]",not_persisted_in_legacy_trace,unknown,0.0,0.0,0.0,False,False,wait,,False,0,True
715fe47b6a6d,96,57,"[""67a434f963f5"",""5898067122eb"",""355f8f7bf174"",""e90080a0e2da"",""36e6d8533839"",""69c10ceb2dd4"",""048e665ca9b7""]",not_persisted_in_legacy_trace,unknown,0.0,0.0,0.0,False,False,wait,,False,0,True
9c8d24cfaa67,97,28,"[""67a434f963f5"",""5898067122eb"",""355f8f7bf174"",""e90080a0e2da"",""36e6d8533839"",""69c10ceb2dd4"",""048e665ca9b7""]",not_persisted_in_legacy_trace,unknown,0.0,0.0,0.0,False,False,take_order,,False,0,True
d049a6f54905,98,40,"[""67a434f963f5"",""5898067122eb"",""355f8f7bf174"",""e90080a0e2da"",""36e6d8533839"",""69c10ceb2dd4"",""048e665ca9b7""]",not_persisted_in_legacy_trace,unknown,0.0,0.0,0.0,False,False,take_order,,False,0,True
b1d37f3b7e81,99,51,"[""67a434f963f5"",""5898067122eb"",""355f8f7bf174"",""e90080a0e2da"",""36e6d8533839"",""69c10ceb2dd4"",""048e665ca9b7""]",not_persisted_in_legacy_trace,unknown,0.0,0.0,0.0,False,False,wait,,False,0,True
119e5fdbf4d1,100,46,"[""67a434f963f5"",""5898067122eb"",""355f8f7bf174"",""e90080a0e2da"",""36e6d8533839"",""69c10ceb2dd4"",""048e665ca9b7""]",not_persisted_in_legacy_trace,unknown,0.0,0.0,0.0,False,False,wait,,False,0,True
cb921df3860f,101,32,"[""67a434f963f5"",""5898067122eb"",""355f8f7bf174"",""e90080a0e2da"",""36e6d8533839"",""69c10ceb2dd4"",""048e665ca9b7""]",not_persisted_in_legacy_trace,unknown,0.0,0.0,0.0,False,False,take_order,,False,0,True
922b522ecddb,102,29,"[""67a434f963f5"",""5898067122eb"",""355f8f7bf174"",""e90080a0e2da"",""36e6d8533839"",""69c10ceb2dd4"",""048e665ca9b7""]",not_persisted_in_legacy_trace,unknown,0.0,0.0,0.0,False,False,take_order,,False,0,True
d06a9bae25d1,103,37,"[""67a434f963f5"",""5898067122eb"",""355f8f7bf174"",""e90080a0e2da"",""36e6d8533839"",""69c10ceb2dd4"",""048e665ca9b7""]",not_persisted_in_legacy_trace,unknown,0.0,0.0,0.0,False,False,wait,,False,0,True
b92aa773ecf6,104,32,"[""67a434f963f5"",""5898067122eb"",""355f8f7bf174"",""e90080a0e2da"",""36e6d8533839"",""69c10ceb2dd4"",""048e665ca9b7""]",not_persisted_in_legacy_trace,unknown,0.0,0.0,0.0,False,False,wait,,False,0,True
c63d000e0371,105,26,"[""67a434f963f5"",""5898067122eb"",""355f8f7bf174"",""e90080a0e2da"",""36e6d8533839"",""69c10ceb2dd4"",""048e665ca9b7""]",not_persisted_in_legacy_trace,unknown,0.0,0.0,0.0,False,False,take_order,,False,0,True
f692a468283b,106,54,"[""67a434f963f5"",""5898067122eb"",""355f8f7bf174"",""e90080a0e2da"",""36e6d8533839"",""69c10ceb2dd4"",""048e665ca9b7""]",not_persisted_in_legacy_trace,unknown,0.0,0.0,0.0,False,False,take_order,,False,0,True
184f6da4f2fb,107,52,"[""67a434f963f5"",""5898067122eb"",""355f8f7bf174"",""e90080a0e2da"",""36e6d8533839"",""69c10ceb2dd4"",""048e665ca9b7""]",not_persisted_in_legacy_trace,unknown,0.0,0.0,0.0,False,False,wait,,False,0,True
2869590dc72b,108,47,"[""67a434f963f5"",""5898067122eb"",""355f8f7bf174"",""e90080a0e2da"",""36e6d8533839"",""69c10ceb2dd4"",""048e665ca9b7""]",not_persisted_in_legacy_trace,unknown,0.0,0.0,0.0,False,False,wait,,False,0,True
077165774e19,109,36,"[""67a434f963f5"",""5898067122eb"",""355f8f7bf174"",""e90080a0e2da"",""36e6d8533839"",""69c10ceb2dd4"",""048e665ca9b7""]",not_persisted_in_legacy_trace,unknown,0.0,0.0,0.0,False,False,take_order,,False,0,True
6aefe08b880c,110,43,"[""67a434f963f5"",""5898067122eb"",""355f8f7bf174"",""e90080a0e2da"",""36e6d8533839"",""69c10ceb2dd4"",""048e665ca9b7""]",not_persisted_in_legacy_trace,unknown,0.0,0.0,0.0,False,False,take_order,,False,0,True
c757fed04811,111,64,"[""67a434f963f5"",""5898067122eb"",""355f8f7bf174"",""e90080a0e2da"",""36e6d8533839"",""69c10ceb2dd4"",""048e665ca9b7""]",not_persisted_in_legacy_trace,unknown,0.0,0.0,0.0,False,False,wait,,False,0,True
acf37572799c,112,70,"[""67a434f963f5"",""5898067122eb"",""355f8f7bf174"",""e90080a0e2da"",""36e6d8533839"",""69c10ceb2dd4"",""048e665ca9b7""]",not_persisted_in_legacy_trace,unknown,0.0,0.0,0.0,False,False,wait,,False,0,True
e0979fe79887,113,37,"[""67a434f963f5"",""5898067122eb"",""355f8f7bf174"",""e90080a0e2da"",""36e6d8533839"",""69c10ceb2dd4"",""048e665ca9b7""]",not_persisted_in_legacy_trace,unknown,0.0,0.0,0.0,False,False,take_order,,False,0,True
211615c4d1e1,114,30,"[""67a434f963f5"",""5898067122eb"",""355f8f7bf174"",""e90080a0e2da"",""36e6d8533839"",""69c10ceb2dd4"",""048e665ca9b7""]",not_persisted_in_legacy_trace,unknown,0.0,0.0,0.0,False,False,take_order,,False,0,True
0733028245fe,115,55,"[""67a434f963f5"",""5898067122eb"",""355f8f7bf174"",""e90080a0e2da"",""36e6d8533839"",""69c10ceb2dd4"",""048e665ca9b7""]",not_persisted_in_legacy_trace,unknown,0.0,0.0,0.0,False,False,wait,,False,0,True
e0e18445e90e,116,54,"[""67a434f963f5"",""5898067122eb"",""355f8f7bf174"",""e90080a0e2da"",""36e6d8533839"",""69c10ceb2dd4"",""048e665ca9b7""]",not_persisted_in_legacy_trace,unknown,0.0,0.0,0.0,False,False,wait,,False,0,True
3f19ac0036a4,117,45,"[""67a434f963f5"",""5898067122eb"",""355f8f7bf174"",""e90080a0e2da"",""36e6d8533839"",""69c10ceb2dd4"",""048e665ca9b7""]",not_persisted_in_legacy_trace,unknown,0.0,0.0,0.0,False,False,take_order,,False,0,True
bd6de0e4abd2,118,37,"[""67a434f963f5"",""5898067122eb"",""355f8f7bf174"",""e90080a0e2da"",""36e6d8533839"",""69c10ceb2dd4"",""048e665ca9b7""]",not_persisted_in_legacy_trace,unknown,0.0,0.0,0.0,False,False,take_order,,False,0,True
75923b82ce70,119,43,"[""67a434f963f5"",""5898067122eb"",""355f8f7bf174"",""e90080a0e2da"",""36e6d8533839"",""69c10ceb2dd4"",""048e665ca9b7""]",not_persisted_in_legacy_trace,unknown,0.0,0.0,0.0,False,False,wait,,False,0,True
9ddcb545c96d,120,54,"[""67a434f963f5"",""5898067122eb"",""355f8f7bf174"",""e90080a0e2da"",""36e6d8533839"",""69c10ceb2dd4"",""048e665ca9b7""]",not_persisted_in_legacy_trace,unknown,0.0,0.0,0.0,False,False,wait,,False,0,True
58b30e4e565f,121,30,"[""67a434f963f5"",""5898067122eb"",""355f8f7bf174"",""e90080a0e2da"",""36e6d8533839"",""69c10ceb2dd4"",""048e665ca9b7""]",not_persisted_in_legacy_trace,unknown,0.0,0.0,0.0,False,False,take_order,,False,0,True
97c9847ff29b,122,51,"[""67a434f963f5"",""5898067122eb"",""355f8f7bf174"",""e90080a0e2da"",""36e6d8533839"",""69c10ceb2dd4"",""048e665ca9b7""]",not_persisted_in_legacy_trace,unknown,0.0,0.0,0.0,False,False,take_order,,False,0,True
889e33143de2,123,46,"[""67a434f963f5"",""5898067122eb"",""355f8f7bf174"",""e90080a0e2da"",""36e6d8533839"",""69c10ceb2dd4"",""048e665ca9b7""]",not_persisted_in_legacy_trace,unknown,0.0,0.0,0.0,False,False,wait,,False,0,True
a9ce1517fb93,124,47,"[""67a434f963f5"",""5898067122eb"",""355f8f7bf174"",""e90080a0e2da"",""36e6d8533839"",""69c10ceb2dd4"",""048e665ca9b7""]",not_persisted_in_legacy_trace,unknown,0.0,0.0,0.0,False,False,wait,,False,0,True
6848826a9500,125,37,"[""67a434f963f5"",""5898067122eb"",""355f8f7bf174"",""e90080a0e2da"",""36e6d8533839"",""69c10ceb2dd4"",""048e665ca9b7""]",not_persisted_in_legacy_trace,unknown,0.0,0.0,0.0,False,False,wait,,False,0,True
dfbdcac211f4,126,66,"[""67a434f963f5"",""5898067122eb"",""355f8f7bf174"",""e90080a0e2da"",""36e6d8533839"",""69c10ceb2dd4"",""048e665ca9b7""]",not_persisted_in_legacy_trace,unknown,0.0,0.0,0.0,False,False,wait,,False,0,True
2c82feeba937,127,29,"[""67a434f963f5"",""5898067122eb"",""355f8f7bf174"",""e90080a0e2da"",""36e6d8533839"",""69c10ceb2dd4"",""048e665ca9b7""]",not_persisted_in_legacy_trace,unknown,0.0,0.0,0.0,False,False,wait,,False,0,True
06512d6ca627,146,7,"[""67a434f963f5"",""5898067122eb"",""355f8f7bf174"",""e90080a0e2da"",""36e6d8533839"",""69c10ceb2dd4"",""048e665ca9b7""]",not_persisted_in_legacy_trace,unknown,0.0,0.0,0.0,False,False,wait,,False,0,True
