row_type,variant,driver_hash,step,candidate_hash,direct_net,marginal_penalty,penalty_before,penalty_after,repair_action,avoided_penalty,repair_value,lost_profit,deadline,feasibility,confidence,redaction_status
money_repair_sample,money_trajectory_repair,e7a52d984e7e,2,73070be188e9,605.05,0.0,72000.0,72000.0,none,0.0,0.0,,redacted_runtime_boundary,offline_replay_approx,0.65,raw value redacted
money_repair_sample,money_trajectory_repair,e7a52d984e7e,3,60a34c8ce4d8,540.52,0.0,72000.0,72000.0,none,0.0,0.0,,redacted_runtime_boundary,offline_replay_approx,0.65,raw value redacted
money_repair_sample,money_trajectory_repair,e7a52d984e7e,6,76676d812d86,907.47,0.0,69600.0,69600.0,none,0.0,0.0,,redacted_runtime_boundary,offline_replay_approx,0.65,raw value redacted
money_repair_sample,money_trajectory_repair,e7a52d984e7e,9,23142086f82a,881.17,0.0,67200.0,67200.0,none,0.0,0.0,,redacted_runtime_boundary,offline_replay_approx,0.65,raw value redacted
money_repair_sample,money_trajectory_repair,e7a52d984e7e,13,d341d159edec,825.64,0.0,64800.0,64800.0,none,0.0,0.0,,redacted_runtime_boundary,offline_replay_approx,0.65,raw value redacted
money_repair_sample,money_trajectory_repair,e7a52d984e7e,14,b41a857e2b10,170.67,0.0,64800.0,64800.0,none,0.0,0.0,,redacted_runtime_boundary,offline_replay_approx,0.65,raw value redacted
money_repair_sample,money_trajectory_repair,e7a52d984e7e,17,000005042f85,825.05,0.0,62400.0,62400.0,none,0.0,0.0,,redacted_runtime_boundary,offline_replay_approx,0.65,raw value redacted
money_repair_sample,money_trajectory_repair,e7a52d984e7e,20,d19aa33a3716,1005.52,0.0,60000.0,60000.0,none,0.0,0.0,,redacted_runtime_boundary,offline_replay_approx,0.65,raw value redacted
money_repair_sample,money_trajectory_repair,e7a52d984e7e,24,1565faf36b0b,825.68,0.0,55200.0,55200.0,none,0.0,0.0,,redacted_runtime_boundary,offline_replay_approx,0.65,raw value redacted
money_repair_sample,money_trajectory_repair,e7a52d984e7e,25,5dc2bfa4733d,115.41,0.0,55200.0,55200.0,none,0.0,0.0,,redacted_runtime_boundary,offline_replay_approx,0.65,raw value redacted
money_repair_sample,money_trajectory_repair,e7a52d984e7e,28,43655bcdbbd5,1051.88,0.0,52800.0,52800.0,none,0.0,0.0,,redacted_runtime_boundary,offline_replay_approx,0.65,raw value redacted
money_repair_sample,money_trajectory_repair,e7a52d984e7e,31,6c336519f96a,864.87,0.0,50400.0,50400.0,none,0.0,0.0,,redacted_runtime_boundary,offline_replay_approx,0.65,raw value redacted
money_repair_sample,money_trajectory_repair,e7a52d984e7e,35,66ae0748cd30,772.31,0.0,48000.0,48000.0,none,0.0,0.0,,redacted_runtime_boundary,offline_replay_approx,0.65,raw value redacted
money_repair_sample,money_trajectory_repair,e7a52d984e7e,39,da56016f8c85,1134.55,0.0,45600.0,45600.0,none,0.0,0.0,,redacted_runtime_boundary,offline_replay_approx,0.65,raw value redacted
money_repair_sample,money_trajectory_repair,e7a52d984e7e,42,dc2c60c2de6d,961.54,0.0,43200.0,43200.0,none,0.0,0.0,,redacted_runtime_boundary,offline_replay_approx,0.65,raw value redacted
money_repair_sample,money_trajectory_repair,e7a52d984e7e,46,2179c70fe3f0,1232.13,0.0,40800.0,40800.0,none,0.0,0.0,,redacted_runtime_boundary,offline_replay_approx,0.65,raw value redacted
money_repair_sample,money_trajectory_repair,e7a52d984e7e,50,74cd29c3fee3,1173.15,0.0,36000.0,36000.0,none,0.0,0.0,,redacted_runtime_boundary,offline_replay_approx,0.65,raw value redacted
money_repair_sample,money_trajectory_repair,e7a52d984e7e,53,6da6a7433e50,688.68,0.0,33600.0,33600.0,none,0.0,0.0,,redacted_runtime_boundary,offline_replay_approx,0.65,raw value redacted
money_repair_sample,money_trajectory_repair,e7a52d984e7e,56,2f3c017daf35,840.3,0.0,31200.0,31200.0,none,0.0,0.0,,redacted_runtime_boundary,offline_replay_approx,0.65,raw value redacted
money_repair_sample,money_trajectory_repair,e7a52d984e7e,61,f529e2481f8a,583.95,0.0,28800.0,28800.0,none,0.0,0.0,,redacted_runtime_boundary,offline_replay_approx,0.65,raw value redacted
money_repair_sample,money_trajectory_repair,e7a52d984e7e,64,1915cd0b79f1,915.08,0.0,26400.0,26400.0,none,0.0,0.0,,redacted_runtime_boundary,offline_replay_approx,0.65,raw value redacted
money_repair_sample,money_trajectory_repair,e7a52d984e7e,68,c157f2dffb32,953.37,0.0,24000.0,24000.0,none,0.0,0.0,,redacted_runtime_boundary,offline_replay_approx,0.65,raw value redacted
money_repair_sample,money_trajectory_repair,e7a52d984e7e,71,e58e27d4111d,583.17,0.0,21600.0,21600.0,none,0.0,0.0,,redacted_runtime_boundary,offline_replay_approx,0.65,raw value redacted
money_repair_sample,money_trajectory_repair,e7a52d984e7e,76,507b5642fd5a,1318.47,0.0,16800.0,16800.0,none,0.0,0.0,,redacted_runtime_boundary,offline_replay_approx,0.65,raw value redacted
money_repair_sample,money_trajectory_repair,e7a52d984e7e,80,38529d44a21c,812.93,0.0,14400.0,14400.0,none,0.0,0.0,,redacted_runtime_boundary,offline_replay_approx,0.65,raw value redacted
money_repair_sample,money_trajectory_repair,e7a52d984e7e,81,50befe59b9fb,192.91,0.0,14400.0,14400.0,none,0.0,0.0,,redacted_runtime_boundary,offline_replay_approx,0.65,raw value redacted
money_repair_sample,money_trajectory_repair,e7a52d984e7e,84,2b2d4e42d0db,855.21,0.0,12000.0,12000.0,none,0.0,0.0,,redacted_runtime_boundary,offline_replay_approx,0.65,raw value redacted
money_repair_sample,money_trajectory_repair,e7a52d984e7e,89,bbdf013f360c,1002.76,0.0,9600.0,9600.0,none,0.0,0.0,,redacted_runtime_boundary,offline_replay_approx,0.65,raw value redacted
money_repair_sample,money_trajectory_repair,e7a52d984e7e,90,abc4d79bdebd,655.93,0.0,9600.0,9600.0,none,0.0,0.0,,redacted_runtime_boundary,offline_replay_approx,0.65,raw value redacted
money_repair_sample,money_trajectory_repair,e7a52d984e7e,93,5284c52187e7,1069.19,0.0,7200.0,7200.0,none,0.0,0.0,,redacted_runtime_boundary,offline_replay_approx,0.65,raw value redacted
money_repair_sample,money_trajectory_repair,e7a52d984e7e,97,14362892815b,896.76,0.0,4800.0,4800.0,none,0.0,0.0,,redacted_runtime_boundary,offline_replay_approx,0.65,raw value redacted
money_repair_sample,money_trajectory_repair,e7a52d984e7e,100,de0fe73fa26c,865.79,0.0,2400.0,2400.0,none,0.0,0.0,,redacted_runtime_boundary,offline_replay_approx,0.65,raw value redacted
money_repair_sample,money_trajectory_repair,e7a52d984e7e,101,023b26839df7,291.35,0.0,2400.0,2400.0,none,0.0,0.0,,redacted_runtime_boundary,offline_replay_approx,0.65,raw value redacted
money_repair_sample,money_trajectory_repair,e7a52d984e7e,104,1c37dfe28f47,724.8,0.0,0.0,0.0,none,0.0,0.0,,redacted_runtime_boundary,offline_replay_approx,0.65,raw value redacted
money_repair_sample,money_trajectory_repair,3e0e35341231,2,f4049e4839c8,806.78,0.0,70000.0,70000.0,none,0.0,0.0,,redacted_runtime_boundary,offline_replay_approx,0.65,raw value redacted
money_repair_sample,money_trajectory_repair,3e0e35341231,5,7803c3dbbfb9,865.53,0.0,68200.0,68200.0,none,0.0,0.0,,redacted_runtime_boundary,offline_replay_approx,0.65,raw value redacted
money_repair_sample,money_trajectory_repair,3e0e35341231,6,e547489356f8,369.08,120.0,68200.0,68320.0,delete_replace_or_wait_macro,120.0,120.0,,redacted_runtime_boundary,offline_replay_approx,0.65,raw value redacted
money_repair_sample,money_trajectory_repair,3e0e35341231,9,23142086f82a,984.5,120.0,66520.0,66640.0,delete_replace_or_wait_macro,120.0,120.0,,redacted_runtime_boundary,offline_replay_approx,0.65,raw value redacted
money_repair_sample,money_trajectory_repair,3e0e35341231,14,cf39942b9830,779.21,0.0,64840.0,64840.0,none,0.0,0.0,,redacted_runtime_boundary,offline_replay_approx,0.65,raw value redacted
money_repair_sample,money_trajectory_repair,3e0e35341231,17,43818e17a455,1221.86,0.0,63040.0,63040.0,none,0.0,0.0,,redacted_runtime_boundary,offline_replay_approx,0.65,raw value redacted
money_repair_sample,money_trajectory_repair,3e0e35341231,20,d19aa33a3716,823.75,120.0,61240.0,61360.0,delete_replace_or_wait_macro,120.0,120.0,,redacted_runtime_boundary,offline_replay_approx,0.65,raw value redacted
money_repair_sample,money_trajectory_repair,3e0e35341231,24,1565faf36b0b,825.68,0.0,57760.0,57760.0,none,0.0,0.0,,redacted_runtime_boundary,offline_replay_approx,0.65,raw value redacted
money_repair_sample,money_trajectory_repair,3e0e35341231,25,5dc2bfa4733d,115.41,0.0,57760.0,57760.0,none,0.0,0.0,,redacted_runtime_boundary,offline_replay_approx,0.65,raw value redacted
money_repair_sample,money_trajectory_repair,3e0e35341231,28,2e59525c4059,986.83,0.0,55960.0,55960.0,none,0.0,0.0,,redacted_runtime_boundary,offline_replay_approx,0.65,raw value redacted
money_repair_sample,money_trajectory_repair,3e0e35341231,31,6c336519f96a,813.57,120.0,54160.0,54280.0,delete_replace_or_wait_macro,120.0,120.0,,redacted_runtime_boundary,offline_replay_approx,0.65,raw value redacted
money_repair_sample,money_trajectory_repair,3e0e35341231,34,5815dbeaa2f6,683.8,0.0,52480.0,52480.0,none,0.0,0.0,,redacted_runtime_boundary,offline_replay_approx,0.65,raw value redacted
money_repair_sample,money_trajectory_repair,3e0e35341231,35,1eed49dbf1c9,259.19,0.0,52480.0,52480.0,none,0.0,0.0,,redacted_runtime_boundary,offline_replay_approx,0.65,raw value redacted
money_repair_sample,money_trajectory_repair,3e0e35341231,38,373677ddca27,1117.76,0.0,50680.0,50680.0,none,0.0,0.0,,redacted_runtime_boundary,offline_replay_approx,0.65,raw value redacted
money_repair_sample,money_trajectory_repair,3e0e35341231,42,8ef9cad7b262,594.25,0.0,48880.0,48880.0,none,0.0,0.0,,redacted_runtime_boundary,offline_replay_approx,0.65,raw value redacted
money_repair_sample,money_trajectory_repair,3e0e35341231,47,b48bf4cf59c0,488.02,120.0,47080.0,47200.0,delete_replace_or_wait_macro,120.0,120.0,,redacted_runtime_boundary,offline_replay_approx,0.65,raw value redacted
money_repair_sample,money_trajectory_repair,3e0e35341231,48,15c649199a06,9.15,120.0,47200.0,47320.0,delete_replace_or_wait_macro,120.0,120.0,,redacted_runtime_boundary,offline_replay_approx,0.65,raw value redacted
money_repair_sample,money_trajectory_repair,3e0e35341231,53,138f6a59b260,706.98,0.0,43720.0,43720.0,none,0.0,0.0,,redacted_runtime_boundary,offline_replay_approx,0.65,raw value redacted
money_repair_sample,money_trajectory_repair,3e0e35341231,57,96141d183841,623.95,0.0,41920.0,41920.0,none,0.0,0.0,,redacted_runtime_boundary,offline_replay_approx,0.65,raw value redacted
money_repair_sample,money_trajectory_repair,3e0e35341231,60,8081e0d6f2c1,866.56,0.0,40120.0,40120.0,none,0.0,0.0,,redacted_runtime_boundary,offline_replay_approx,0.65,raw value redacted
money_repair_sample,money_trajectory_repair,3e0e35341231,64,4a26a2264c1a,765.81,120.0,38320.0,38440.0,delete_replace_or_wait_macro,120.0,120.0,,redacted_runtime_boundary,offline_replay_approx,0.65,raw value redacted
money_repair_sample,money_trajectory_repair,3e0e35341231,68,0eae1730e284,973.87,0.0,36640.0,36640.0,none,0.0,0.0,,redacted_runtime_boundary,offline_replay_approx,0.65,raw value redacted
money_repair_sample,money_trajectory_repair,3e0e35341231,73,5781fb8a2eb6,883.69,120.0,34840.0,34960.0,delete_replace_or_wait_macro,120.0,120.0,,redacted_runtime_boundary,offline_replay_approx,0.65,raw value redacted
money_repair_sample,money_trajectory_repair,3e0e35341231,77,e58e27d4111d,712.81,0.0,33160.0,33160.0,none,0.0,0.0,,redacted_runtime_boundary,offline_replay_approx,0.65,raw value redacted
money_repair_sample,money_trajectory_repair,3e0e35341231,82,507b5642fd5a,1318.47,0.0,29560.0,29560.0,none,0.0,0.0,,redacted_runtime_boundary,offline_replay_approx,0.65,raw value redacted
money_repair_sample,money_trajectory_repair,3e0e35341231,86,38529d44a21c,812.93,120.0,27760.0,27880.0,delete_replace_or_wait_macro,120.0,120.0,,redacted_runtime_boundary,offline_replay_approx,0.65,raw value redacted
money_repair_sample,money_trajectory_repair,3e0e35341231,87,50befe59b9fb,192.91,120.0,27880.0,28000.0,delete_replace_or_wait_macro,120.0,120.0,,redacted_runtime_boundary,offline_replay_approx,0.65,raw value redacted
money_repair_sample,money_trajectory_repair,3e0e35341231,90,2b2d4e42d0db,855.21,0.0,26200.0,26200.0,none,0.0,0.0,,redacted_runtime_boundary,offline_replay_approx,0.65,raw value redacted
money_repair_sample,money_trajectory_repair,3e0e35341231,95,bbdf013f360c,1002.76,0.0,24400.0,24400.0,none,0.0,0.0,,redacted_runtime_boundary,offline_replay_approx,0.65,raw value redacted
money_repair_sample,money_trajectory_repair,3e0e35341231,96,abc4d79bdebd,655.93,0.0,24400.0,24400.0,none,0.0,0.0,,redacted_runtime_boundary,offline_replay_approx,0.65,raw value redacted
money_repair_sample,money_trajectory_repair,3e0e35341231,99,5284c52187e7,1069.19,120.0,22600.0,22720.0,delete_replace_or_wait_macro,120.0,120.0,,redacted_runtime_boundary,offline_replay_approx,0.65,raw value redacted
money_repair_sample,money_trajectory_repair,3e0e35341231,103,14362892815b,896.76,0.0,20920.0,20920.0,none,0.0,0.0,,redacted_runtime_boundary,offline_replay_approx,0.65,raw value redacted
money_repair_sample,money_trajectory_repair,3e0e35341231,106,de0fe73fa26c,865.79,0.0,19120.0,19120.0,none,0.0,0.0,,redacted_runtime_boundary,offline_replay_approx,0.65,raw value redacted
money_repair_sample,money_trajectory_repair,3e0e35341231,107,023b26839df7,291.35,0.0,19120.0,19120.0,none,0.0,0.0,,redacted_runtime_boundary,offline_replay_approx,0.65,raw value redacted
money_repair_sample,money_trajectory_repair,3e0e35341231,110,dfa8ba7072ab,787.35,0.0,17320.0,17320.0,none,0.0,0.0,,redacted_runtime_boundary,offline_replay_approx,0.65,raw value redacted
