dataset,row_index,action,chosen_candidate_hash,ptt_rules,ptt_controllers,vocab_links,firewall_scored,firewall_blocked,firewall_massive,macro_started,macro_completed
20260529,0,wait,54063e001d641e2e,4,4,0,0,0,0,1,1
20260529,1,take_order,79f6aa436b25e5b8,4,4,0,55,0,54,1,1
20260529,2,take_order,b4702fbaf8b450f1,4,4,1,57,0,32,1,1
20260529,3,wait,54063e001d641e2e,4,4,1,66,0,37,2,2
20260529,4,take_order,b088412e45b6a8c0,4,4,1,44,0,19,2,2
20260529,5,take_order,c775399af366da73,4,4,1,45,0,28,2,2
20260529,6,wait,1230253ea99297e7,4,4,1,65,0,64,2,2
20260529,7,wait,22301972ddfa8e39,5,5,0,0,0,0,3,3
20260529,8,take_order,609a00b2d19b26ef,5,5,1,44,0,43,3,3
20260529,9,take_order,53af9a2485a72276,5,5,1,52,0,39,3,3
20260529,10,wait,1230253ea99297e7,5,5,1,58,0,51,3,3
20260529,11,wait,1230253ea99297e7,5,5,1,64,0,58,3,3
20260529,12,wait,eacb6a1305192814,5,5,0,0,0,0,4,4
20260529,13,take_order,b9bb81520fbb61b5,5,5,1,34,0,32,4,4
20260529,14,take_order,09223d2841ee6e97,5,5,1,34,0,26,4,4
20260529,15,wait,1230253ea99297e7,5,5,1,54,0,50,4,4
20260529,16,wait,1230253ea99297e7,5,5,1,67,0,62,4,4
20260529,17,wait,00af0090956831cf,5,5,0,0,0,0,5,5
20260529,18,take_order,bfb4aea8f73dd79e,5,5,1,41,0,35,5,5
20260529,19,take_order,5df3ec7788c0c209,5,5,1,57,0,46,5,5
20260529,20,wait,4ab587fe0b52eea2,4,4,1,53,0,26,6,6
20260529,21,take_order,b5efdb7e07a65963,4,4,1,42,0,10,6,6
20260529,22,take_order,6658628fed756b71,4,4,1,41,0,39,6,6
20260529,23,wait,1230253ea99297e7,4,4,1,47,0,41,6,6
20260529,24,wait,1230253ea99297e7,4,4,1,53,0,47,6,6
20260529,25,wait,09ab262222de742d,4,4,0,0,0,0,7,7
20260529,26,take_order,065aea0f6d50c4fb,4,4,1,35,0,32,7,7
20260529,27,take_order,49616bafe958ba33,4,4,1,43,0,42,7,7
20260529,28,wait,8113832290fcab8b,4,4,1,43,0,38,8,8
20260529,29,take_order,ae6cb0f68fead0b7,4,4,1,25,0,24,8,8
20260529,30,wait,1230253ea99297e7,4,4,1,58,0,56,8,8
20260529,31,wait,26b7e16f9ddcbca9,4,4,0,0,0,0,9,9
20260529,32,take_order,d1297fc51edd66bf,4,4,1,40,0,39,9,9
20260529,33,wait,1230253ea99297e7,4,4,0,53,0,51,9,9
20260529,34,wait,1230253ea99297e7,4,4,0,53,0,52,9,9
20260529,35,wait,1230253ea99297e7,4,4,1,55,0,54,9,9
20260529,36,wait,bb328a21ad63b26a,4,4,0,0,0,0,10,10
20260529,37,take_order,e2eb19649c324ea6,4,4,1,63,0,61,10,10
20260529,38,wait,1230253ea99297e7,4,4,1,60,0,53,10,10
20260529,39,wait,1230253ea99297e7,4,4,1,62,0,54,10,10
20260529,40,wait,0172f523ea10c856,4,4,0,0,0,0,11,11
20260529,41,take_order,6648ee6a9875c798,4,4,0,46,0,41,11,11
20260529,42,wait,1230253ea99297e7,4,4,1,35,0,34,11,11
20260529,43,wait,1230253ea99297e7,4,4,1,39,0,38,11,11
20260529,44,wait,f2556f1afa017288,4,4,0,0,0,0,12,12
20260529,45,wait,54063e001d641e2e,4,4,0,0,0,0,13,13
20260529,46,take_order,4dd3d68f1c9d0fad,4,4,1,41,0,39,13,13
20260529,47,wait,1230253ea99297e7,4,4,1,49,0,42,13,13
20260529,48,wait,1230253ea99297e7,4,4,1,49,0,43,13,13
20260529,49,wait,1f19efddd82129ac,4,4,0,0,0,0,14,14
20260529,50,take_order,9a087bbd30c8d5b2,4,4,1,38,0,34,14,14
20260529,51,take_order,7a3b42eb01390595,4,4,1,52,0,51,14,14
20260529,52,wait,1230253ea99297e7,4,4,1,40,0,36,14,14
20260529,53,wait,75642ba853ea9c5c,4,4,0,0,0,0,15,15
20260529,54,take_order,653739755bbeb6c0,4,4,0,24,0,23,15,15
20260529,55,take_order,8e61e151c4db583f,4,4,1,33,0,32,15,15
20260529,56,wait,1230253ea99297e7,4,4,1,44,0,41,15,15
20260529,57,wait,bd4472cbc591ccbf,4,4,0,0,0,0,16,16
20260529,58,take_order,f8b65deaa609b5f8,4,4,1,30,0,27,16,16
20260529,59,take_order,6b8779e9dc67958c,4,4,1,42,0,32,16,16
20260529,60,wait,1230253ea99297e7,4,4,1,54,0,51,16,16
20260529,61,wait,911b08006205582d,4,4,0,0,0,0,17,17
20260529,62,take_order,775c9b1ad0787670,4,4,0,31,0,29,17,17
20260529,63,take_order,4708886dc339b4e4,4,4,0,35,0,29,17,17
20260529,64,wait,1230253ea99297e7,4,4,1,30,0,29,17,17
20260529,65,wait,1230253ea99297e7,4,4,1,33,0,31,17,17
20260529,66,wait,3c3913af5937f94b,4,4,0,0,0,0,18,18
20260529,67,take_order,c0a76bff26973dbe,4,4,1,25,0,23,18,18
20260529,68,take_order,0f54ff7317d8c227,4,4,1,48,0,35,18,18
20260529,69,wait,1230253ea99297e7,4,4,0,48,0,45,18,18
20260529,70,wait,864de1d1783dad0a,4,4,0,0,0,0,19,19
20260529,71,take_order,b1bff985f05c6421,4,4,1,34,0,28,19,19
20260529,72,take_order,066fbd60072bfee6,4,4,1,41,0,39,19,19
20260529,73,take_order,c71d0749318f82b2,4,4,1,31,0,27,19,19
20260529,74,wait,1230253ea99297e7,4,4,1,48,0,42,19,19
20260529,75,wait,c21495cf9473305f,4,4,0,0,0,0,20,20
20260529,76,take_order,761bceadf0970b78,4,4,1,29,0,24,20,20
20260529,77,take_order,9357f65dbbd92b42,4,4,1,26,0,20,20,20
20260529,78,take_order,6cf3d9df19c19e8b,4,4,1,26,0,19,20,20
20260529,79,wait,1230253ea99297e7,4,4,1,53,0,47,20,20
20260529,80,wait,3ced1328d21e7836,4,4,0,0,0,0,21,21
20260529,81,take_order,6d063e3979e4e690,4,4,1,35,0,27,21,21
20260529,82,take_order,d02ff915a5674063,4,4,1,47,0,43,21,21
20260529,83,wait,1230253ea99297e7,4,4,1,51,0,42,21,21
20260529,84,wait,d4b85f185aefc896,4,4,0,0,0,0,22,22
20260529,85,take_order,be737782cf0e3180,4,4,1,27,0,20,22,22
20260529,86,take_order,7301e259ba2fbc1b,4,4,1,42,0,40,22,22
20260529,87,wait,1230253ea99297e7,4,4,1,54,0,48,22,22
20260529,88,wait,21b6e5a8129f8288,4,4,0,0,0,0,23,23
20260529,89,take_order,6e9b3fce8fc61fd4,4,4,1,28,0,24,23,23
20260529,90,take_order,99290ba1639b9588,4,4,1,42,0,40,23,23
20260529,91,take_order,c77b0e7b5eb7321c,4,4,0,40,0,32,23,23
20260529,92,wait,1230253ea99297e7,4,4,1,44,0,39,23,23
20260529,93,wait,fab4712e9ec5a167,4,4,0,0,0,0,24,24
20260529,94,wait,54063e001d641e2e,4,4,0,0,0,0,25,25
20260529,95,take_order,aad7bd88563a1ced,4,4,0,26,0,21,25,25
20260529,96,wait,1230253ea99297e7,4,4,1,48,0,47,25,25
20260529,97,wait,1230253ea99297e7,4,4,0,47,0,46,25,25
20260529,98,wait,58fbbdbc1558d90d,4,4,0,0,0,0,26,26
20260529,99,take_order,db097fd263705607,4,4,0,40,0,38,26,26
20260529,100,wait,1230253ea99297e7,4,4,0,44,0,43,26,26
20260529,101,wait,1230253ea99297e7,4,4,1,48,0,46,26,26
20260529,102,wait,9ba69b71dd253236,4,4,0,0,0,0,27,27
20260529,103,take_order,c856438ccb346bd6,4,4,0,26,0,23,27,27
20260529,104,take_order,80cfbf063a42e5f4,4,4,0,37,0,23,27,27
20260529,105,wait,1230253ea99297e7,4,4,1,33,0,30,27,27
20260529,106,wait,abd4864bac9f46bb,4,4,0,0,0,0,28,28
20260529,107,take_order,3405a9303a6aab7a,4,4,1,31,0,29,28,28
20260529,108,take_order,1a7cf40de1b9c8c6,4,4,1,34,0,30,28,28
20260529,109,wait,1230253ea99297e7,4,4,0,43,0,31,28,28
20260529,110,wait,70f2a8a77163c19b,4,4,0,0,0,0,29,29
20260529,111,take_order,f04cd140bf5bc087,4,4,1,29,0,24,29,29
20260529,112,take_order,8f1fbcf45b9a2cae,4,4,1,41,0,33,29,29
20260529,113,wait,f6f2f6037c96e909,4,4,1,50,0,33,29,29
20260529,114,wait,f6f2f6037c96e909,4,4,1,51,0,33,29,29
20260529,115,wait,f6f2f6037c96e909,4,4,1,53,0,36,29,29
20260529,116,wait,54063e001d641e2e,4,4,1,76,0,64,30,30
20260529,117,take_order,3045510c1f8479cb,4,4,1,51,0,35,30,30
20260529,118,take_order,b6f59bb2eb086239,4,4,1,38,0,31,30,30
20260529,119,take_order,870780cb82a497a9,4,4,1,51,0,30,30,30
20260529,120,wait,f6f2f6037c96e909,4,4,1,55,0,13,30,30
20260529,121,wait,54063e001d641e2e,4,4,1,51,0,15,31,31
20260529,122,take_order,6693602e4d6d3f0c,4,4,1,28,0,9,31,31
20260529,123,wait,f6f2f6037c96e909,4,4,0,1,0,0,31,31
20260529,124,wait,f6f2f6037c96e909,4,4,0,1,0,0,31,31
20260529,125,wait,f6f2f6037c96e909,4,4,0,1,0,0,31,31
20260529,126,wait,f6f2f6037c96e909,4,4,0,1,0,0,31,31
20260529,127,wait,ffb57e309933dfe7,4,4,0,1,0,0,31,31
20260529,128,wait,54063e001d641e2e,5,5,0,0,0,0,1,1
20260529,129,take_order,3f42d964cdf15d06,5,5,1,64,0,0,1,1
20260529,130,take_order,741512f2c16a884c,5,5,1,65,0,0,1,1
20260529,131,wait,1230253ea99297e7,5,5,0,59,0,0,1,1
20260529,132,wait,a461734b01c1c850,5,5,0,0,0,0,2,2
20260529,133,take_order,f1f0176387d2c45e,5,5,0,28,0,0,2,2
20260529,134,take_order,0b34bd9ef47bdf1a,5,5,0,50,0,0,2,2
20260529,135,wait,240bf8ef7b7c4930,5,5,0,55,0,0,3,3
20260529,136,take_order,7fae69d33374a6ad,5,5,0,43,0,0,3,3
20260529,137,wait,1230253ea99297e7,5,5,1,56,0,39,3,3
20260529,138,wait,1230253ea99297e7,5,5,1,65,0,46,3,3
20260529,139,wait,6f0158449a0dc482,5,5,0,0,0,0,4,4
20260529,140,reposition,3343cd54aa9a4c01,5,5,1,51,0,27,5,4
20260529,141,wait,b4d1da4676e26355,5,5,0,0,0,0,5,5
20260529,142,take_order,37af4ca884b139e2,5,5,1,70,0,23,5,5
20260529,143,wait,1230253ea99297e7,5,5,0,55,0,0,5,5
20260529,144,wait,4ab587fe0b52eea2,5,5,0,0,0,0,6,6
20260529,145,take_order,7e90bc9ca89ca54c,5,5,0,47,0,0,6,6
20260529,146,take_order,bf0760fa23c0bd45,5,5,0,58,0,0,6,6
20260529,147,wait,1230253ea99297e7,5,5,0,63,0,0,6,6
20260529,148,wait,cca9484e929b7517,5,5,0,0,0,0,7,7
20260529,149,take_order,08bb1699d5ec17a3,5,5,0,47,0,0,7,7
20260529,150,take_order,54b741540086199d,5,5,0,36,0,0,7,7
20260529,151,wait,1230253ea99297e7,5,5,0,59,0,0,7,7
20260529,152,wait,27ad34d1b54cc8ec,5,5,0,0,0,0,8,8
20260529,153,take_order,4b1a29ffa51cdb76,5,5,0,41,0,0,8,8
20260529,154,take_order,116dc71615c40eec,5,5,0,51,0,0,8,8
20260529,155,wait,54063e001d641e2e,5,5,0,0,0,0,9,9
20260529,156,take_order,462fd8c524ebeb30,5,5,1,32,0,0,9,9
20260529,157,take_order,6eb91a906f50c231,5,5,0,45,0,0,9,9
20260529,158,wait,1230253ea99297e7,5,5,1,58,0,0,9,9
20260529,159,wait,f3fc45183ab22c95,5,5,0,0,0,0,10,10
20260529,160,take_order,9108fe2737b61e20,5,5,1,29,0,0,10,10
20260529,161,take_order,241a57c22b1d7dc8,5,5,0,47,0,0,10,10
20260529,162,wait,1230253ea99297e7,5,5,0,52,0,0,10,10
20260529,163,wait,ee4babfa6f0f5374,5,5,0,0,0,0,11,11
20260529,164,take_order,4d5652b5d39bc297,5,5,0,31,0,0,11,11
20260529,165,take_order,42b15b9e2b88be38,5,5,0,39,0,0,11,11
20260529,166,wait,1230253ea99297e7,5,5,0,36,0,0,11,11
20260529,167,wait,2ef5c24934fa10db,6,6,0,38,0,0,12,12
20260529,168,take_order,bbc2db73579591be,6,6,0,28,0,0,12,12
20260529,169,take_order,d44921d437de5dd0,6,6,0,45,0,0,12,12
20260529,170,wait,1230253ea99297e7,6,6,0,41,0,0,12,12
20260529,171,wait,fc95db99acc3f19b,6,6,0,0,0,0,13,13
20260529,172,wait,54063e001d641e2e,5,5,0,0,0,0,14,14
20260529,173,reposition,3343cd54aa9a4c01,5,5,0,22,0,0,15,14
20260529,174,wait,b4d1da4676e26355,5,5,0,0,0,0,15,15
20260529,175,take_order,63bd61ecc3db468e,5,5,0,34,0,0,15,15
20260529,176,wait,1230253ea99297e7,5,5,1,64,0,4,15,15
20260529,177,wait,cd3254a2a69fd50f,5,5,0,0,0,0,16,16
20260529,178,take_order,d20365eb75965599,5,5,1,46,0,6,16,16
20260529,179,take_order,dab01a4f83a40581,5,5,1,54,0,0,16,16
20260529,180,wait,1230253ea99297e7,5,5,0,64,0,0,16,16
20260529,181,wait,27ad34d1b54cc8ec,5,5,0,0,0,0,17,17
20260529,182,take_order,ecdc7f1f87324f66,5,5,0,42,0,0,17,17
20260529,183,take_order,2950f12e28246606,5,5,0,51,0,0,17,17
20260529,184,wait,1230253ea99297e7,5,5,0,55,0,0,17,17
20260529,185,wait,00af0090956831cf,5,5,0,0,0,0,18,18
20260529,186,take_order,0fad91b579e365cc,5,5,0,34,0,0,18,18
20260529,187,take_order,1fc3808ea2ec8b89,5,5,0,36,0,0,18,18
20260529,188,take_order,e2f3bd91ab9a426c,5,5,0,36,0,0,18,18
20260529,189,wait,1230253ea99297e7,5,5,0,44,0,0,18,18
20260529,190,wait,57fc15b73791d794,5,5,0,0,0,0,19,19
20260529,191,take_order,84f51901e3eb7d9d,5,5,0,28,0,0,19,19
20260529,192,take_order,8ac17d843e758a9a,5,5,0,33,0,0,19,19
20260529,193,wait,1230253ea99297e7,5,5,0,36,0,0,19,19
20260529,194,wait,0a54c97d4426110e,5,5,0,0,0,0,20,20
20260529,195,take_order,32d033e1994ae216,5,5,0,22,0,0,20,20
20260529,196,wait,1230253ea99297e7,5,5,0,40,0,0,20,20
20260529,197,wait,1230253ea99297e7,5,5,0,52,0,0,20,20
20260529,198,wait,1230253ea99297e7,5,5,0,63,0,0,20,20
20260529,199,wait,bdd117ed16736c5b,5,5,0,0,0,0,21,21
20260529,200,reposition,3343cd54aa9a4c01,5,5,0,52,0,0,22,21
20260529,201,wait,b4d1da4676e26355,5,5,0,0,0,0,22,22
20260529,202,take_order,caecf3ee05b6f493,5,5,0,71,0,0,22,22
20260529,203,wait,1230253ea99297e7,5,5,0,40,0,0,22,22
20260529,204,wait,1230253ea99297e7,5,5,0,46,0,0,22,22
20260529,205,wait,836f5aa2ce99563a,5,5,0,0,0,0,23,23
20260529,206,reposition,3343cd54aa9a4c01,5,5,0,33,0,0,24,23
20260529,207,wait,b4d1da4676e26355,5,5,0,0,0,0,24,24
20260529,208,take_order,578292e84f7128ad,5,5,0,36,0,0,24,24
20260529,209,wait,1230253ea99297e7,5,5,1,39,0,0,24,24
20260529,210,wait,1230253ea99297e7,5,5,1,48,0,0,24,24
20260529,211,wait,0919c93aa69e7775,5,5,0,0,0,0,25,25
20260529,212,reposition,3343cd54aa9a4c01,5,5,1,30,0,0,26,25
20260529,213,wait,b4d1da4676e26355,5,5,0,0,0,0,26,26
20260529,214,take_order,6a07a899017a2de9,5,5,1,55,0,0,26,26
20260529,215,take_order,7261a21147008c04,5,5,0,34,0,0,26,26
20260529,216,wait,1230253ea99297e7,5,5,0,45,0,0,26,26
20260529,217,wait,23d9094fac31d961,5,5,0,0,0,0,27,27
20260529,218,take_order,cd4af7846f60ba9f,5,5,0,24,0,0,27,27
20260529,219,take_order,7301e259ba2fbc1b,5,5,0,47,0,0,27,27
20260529,220,wait,1230253ea99297e7,5,5,1,51,0,0,27,27
20260529,221,wait,2bb4a49c3a5c2f2e,5,5,0,0,0,0,28,28
20260529,222,take_order,892f5f0b4ad4088c,5,5,0,28,0,0,28,28
20260529,223,wait,1230253ea99297e7,5,5,1,58,0,0,28,28
20260529,224,wait,54f8836605b2d163,5,5,0,0,0,0,29,29
20260529,225,wait,54063e001d641e2e,5,5,0,0,0,0,30,30
20260529,226,reposition,3343cd54aa9a4c01,5,5,1,43,0,0,31,30
20260529,227,wait,b4d1da4676e26355,5,5,0,0,0,0,31,31
20260529,228,take_order,23f274f926d87162,5,5,1,48,0,0,31,31
20260529,229,wait,1230253ea99297e7,5,5,0,56,0,0,31,31
20260529,230,wait,1230253ea99297e7,5,5,0,55,0,0,31,31
20260529,231,wait,20d8b10916975d17,5,5,0,0,0,0,32,32
20260529,232,reposition,3343cd54aa9a4c01,5,5,1,47,0,0,33,32
20260529,233,wait,b4d1da4676e26355,5,5,0,0,0,0,33,33
20260529,234,take_order,5e396029faae5fd5,5,5,1,65,0,0,33,33
20260529,235,wait,1230253ea99297e7,5,5,0,48,0,0,33,33
20260529,236,wait,1230253ea99297e7,5,5,1,55,0,0,33,33
20260529,237,wait,1230253ea99297e7,5,5,1,62,0,0,33,33
20260529,238,wait,130482be262da803,5,5,0,0,0,0,34,34
20260529,239,reposition,3343cd54aa9a4c01,5,5,1,62,0,2,35,34
