run_id,dataset,driver_hash,step_hash,action_type,candidate_type,chosen_action_type,delta_official_net,delta_gross_minus_cost,delta_preference_penalty,delta_query_minutes,delta_time_minutes,label_mode,continuation_policy,exact_official_label,replay_valid_after_replacement,visibility_valid,legality_valid,state_compatibility_ok,confidence,notes
runs/latest_rescue__vs__runs/pce/20260529/money_trajectory_repair,20260529,aggregate,run_pair,policy,offline_money_trajectory_repair,latest_rescue,30782.16,9962.16,-20820.0,-3306.0,,macro_repair_insertion,paired_completed_policy_run,True,True,True,True,True,0.95,"exact official run-pair delta; diagnostic, not runtime-safe label"
runs/latest_rescue__vs__runs/pce/20260529/visibility_k600_oracle,20260529,aggregate,run_pair,policy,online_visibility_oracle,latest_rescue,25893.26,5193.27,-20700.0,392.0,,completed_trajectory_replacement,paired_completed_policy_run,True,True,True,True,True,0.95,exact official run-pair delta; online oracle diagnostic
runs/next_build/20260529/money_greedy_no_pref__vs__runs/latest_rescue,20260529,aggregate,run_pair,policy,high_penalty_replay,money_greedy_no_pref,128005.18,-34394.83,-162400.0,1854.0,,action_knockout,paired_completed_policy_run,True,True,True,True,True,0.95,exact official run-pair delta showing high-gross penalty knockout value
C:/budostudy/only_for_codex/thelatstcargo/runs/pce/20260529/pce_final,20260529,e7a52d984e7e,dad15cdebc4c,wait,top_rejected_take,wait,-11541.53,,,0,,completed_trajectory_replacement,local_greedy_replan,False,False,True,True,False,0.35,"heuristic_from_runtime_wait_forensic:{""reason"":""pce_daily_repair_boundary""}"
C:/budostudy/only_for_codex/thelatstcargo/runs/pce/20260529/pce_final,20260529,e7a52d984e7e,dad15cdebc4c,wait,top_rejected_take,wait,-11581.73,,,0,,completed_trajectory_replacement,local_greedy_replan,False,False,True,True,False,0.35,"heuristic_from_runtime_wait_forensic:{""reason"":""pce_daily_repair_boundary""}"
C:/budostudy/only_for_codex/thelatstcargo/runs/pce/20260529/pce_final,20260529,e7a52d984e7e,dad15cdebc4c,wait,top_rejected_take,wait,-12106.5,,,0,,completed_trajectory_replacement,local_greedy_replan,False,False,True,True,False,0.35,"heuristic_from_runtime_wait_forensic:{""reason"":""pce_daily_repair_boundary""}"
C:/budostudy/only_for_codex/thelatstcargo/runs/pce/20260529/pce_final,20260529,e7a52d984e7e,dad15cdebc4c,wait,top_rejected_take,wait,-12941.67,,,0,,completed_trajectory_replacement,local_greedy_replan,False,False,True,True,False,0.35,"heuristic_from_runtime_wait_forensic:{""reason"":""pce_daily_repair_boundary""}"
C:/budostudy/only_for_codex/thelatstcargo/runs/pce/20260529/pce_final,20260529,e7a52d984e7e,dad15cdebc4c,wait,top_rejected_take,wait,-13046.1,,,0,,completed_trajectory_replacement,local_greedy_replan,False,False,True,True,False,0.35,"heuristic_from_runtime_wait_forensic:{""reason"":""pce_daily_repair_boundary""}"
C:/budostudy/only_for_codex/thelatstcargo/runs/pce/20260529/pce_final,20260529,e7a52d984e7e,5794db89770e,wait,top_rejected_take,wait,-13079.69,,,0,,completed_trajectory_replacement,local_greedy_replan,False,False,True,True,False,0.35,"heuristic_from_runtime_wait_forensic:{""reason"":""pce_daily_repair_boundary""}"
C:/budostudy/only_for_codex/thelatstcargo/runs/pce/20260529/pce_final,20260529,e7a52d984e7e,5794db89770e,wait,top_rejected_take,wait,-13086.44,,,0,,completed_trajectory_replacement,local_greedy_replan,False,False,True,True,False,0.35,"heuristic_from_runtime_wait_forensic:{""reason"":""pce_daily_repair_boundary""}"
C:/budostudy/only_for_codex/thelatstcargo/runs/pce/20260529/pce_final,20260529,e7a52d984e7e,5794db89770e,wait,top_rejected_take,wait,-13331.0,,,0,,completed_trajectory_replacement,local_greedy_replan,False,False,True,True,False,0.35,"heuristic_from_runtime_wait_forensic:{""reason"":""pce_daily_repair_boundary""}"
C:/budostudy/only_for_codex/thelatstcargo/runs/pce/20260529/pce_final,20260529,e7a52d984e7e,5794db89770e,wait,top_rejected_take,wait,-13574.34,,,0,,completed_trajectory_replacement,local_greedy_replan,False,False,True,True,False,0.35,"heuristic_from_runtime_wait_forensic:{""reason"":""pce_daily_repair_boundary""}"
C:/budostudy/only_for_codex/thelatstcargo/runs/pce/20260529/pce_final,20260529,e7a52d984e7e,5794db89770e,wait,top_rejected_take,wait,-14143.67,,,0,,completed_trajectory_replacement,local_greedy_replan,False,False,True,True,False,0.35,"heuristic_from_runtime_wait_forensic:{""reason"":""pce_daily_repair_boundary""}"
C:/budostudy/only_for_codex/thelatstcargo/runs/pce/20260529/pce_final,20260529,e7a52d984e7e,cdf6912b59c2,wait,top_rejected_take,wait,-10702.35,,,0,,completed_trajectory_replacement,local_greedy_replan,False,False,True,True,False,0.35,"heuristic_from_runtime_wait_forensic:{""reason"":""pce_daily_repair_boundary""}"
C:/budostudy/only_for_codex/thelatstcargo/runs/pce/20260529/pce_final,20260529,e7a52d984e7e,cdf6912b59c2,wait,top_rejected_take,wait,-11002.27,,,0,,completed_trajectory_replacement,local_greedy_replan,False,False,True,True,False,0.35,"heuristic_from_runtime_wait_forensic:{""reason"":""pce_daily_repair_boundary""}"
C:/budostudy/only_for_codex/thelatstcargo/runs/pce/20260529/pce_final,20260529,e7a52d984e7e,cdf6912b59c2,wait,top_rejected_take,wait,-11218.54,,,0,,completed_trajectory_replacement,local_greedy_replan,False,False,True,True,False,0.35,"heuristic_from_runtime_wait_forensic:{""reason"":""pce_daily_repair_boundary""}"
C:/budostudy/only_for_codex/thelatstcargo/runs/pce/20260529/pce_final,20260529,e7a52d984e7e,cdf6912b59c2,wait,top_rejected_take,wait,-11354.77,,,0,,completed_trajectory_replacement,local_greedy_replan,False,False,True,True,False,0.35,"heuristic_from_runtime_wait_forensic:{""reason"":""pce_daily_repair_boundary""}"
C:/budostudy/only_for_codex/thelatstcargo/runs/pce/20260529/pce_final,20260529,e7a52d984e7e,cdf6912b59c2,wait,top_rejected_take,wait,-11581.89,,,0,,completed_trajectory_replacement,local_greedy_replan,False,False,True,True,False,0.35,"heuristic_from_runtime_wait_forensic:{""reason"":""pce_daily_repair_boundary""}"
C:/budostudy/only_for_codex/thelatstcargo/runs/pce/20260529/pce_final,20260529,e7a52d984e7e,6118a90aa706,wait,top_rejected_take,wait,-11931.38,,,0,,completed_trajectory_replacement,local_greedy_replan,False,False,True,True,False,0.35,"heuristic_from_runtime_wait_forensic:{""reason"":""pce_daily_repair_boundary""}"
C:/budostudy/only_for_codex/thelatstcargo/runs/pce/20260529/pce_final,20260529,e7a52d984e7e,6118a90aa706,wait,top_rejected_take,wait,-12663.87,,,0,,completed_trajectory_replacement,local_greedy_replan,False,False,True,True,False,0.35,"heuristic_from_runtime_wait_forensic:{""reason"":""pce_daily_repair_boundary""}"
C:/budostudy/only_for_codex/thelatstcargo/runs/pce/20260529/pce_final,20260529,e7a52d984e7e,6118a90aa706,wait,top_rejected_take,wait,-12800.11,,,0,,completed_trajectory_replacement,local_greedy_replan,False,False,True,True,False,0.35,"heuristic_from_runtime_wait_forensic:{""reason"":""pce_daily_repair_boundary""}"
C:/budostudy/only_for_codex/thelatstcargo/runs/pce/20260529/pce_final,20260529,e7a52d984e7e,6118a90aa706,wait,top_rejected_take,wait,-13027.22,,,0,,completed_trajectory_replacement,local_greedy_replan,False,False,True,True,False,0.35,"heuristic_from_runtime_wait_forensic:{""reason"":""pce_daily_repair_boundary""}"
C:/budostudy/only_for_codex/thelatstcargo/runs/pce/20260529/pce_final,20260529,e7a52d984e7e,6118a90aa706,wait,top_rejected_take,wait,-13456.75,,,0,,completed_trajectory_replacement,local_greedy_replan,False,False,True,True,False,0.35,"heuristic_from_runtime_wait_forensic:{""reason"":""pce_daily_repair_boundary""}"
C:/budostudy/only_for_codex/thelatstcargo/runs/pce/20260529/pce_final,20260529,e7a52d984e7e,ba59c1dd8772,wait,top_rejected_take,wait,-13394.78,,,0,,completed_trajectory_replacement,local_greedy_replan,False,False,True,True,False,0.35,"heuristic_from_runtime_wait_forensic:{""reason"":""pce_daily_repair_boundary""}"
C:/budostudy/only_for_codex/thelatstcargo/runs/pce/20260529/pce_final,20260529,e7a52d984e7e,ba59c1dd8772,wait,top_rejected_take,wait,-13594.52,,,0,,completed_trajectory_replacement,local_greedy_replan,False,False,True,True,False,0.35,"heuristic_from_runtime_wait_forensic:{""reason"":""pce_daily_repair_boundary""}"
C:/budostudy/only_for_codex/thelatstcargo/runs/pce/20260529/pce_final,20260529,e7a52d984e7e,ba59c1dd8772,wait,top_rejected_take,wait,-13598.62,,,0,,completed_trajectory_replacement,local_greedy_replan,False,False,True,True,False,0.35,"heuristic_from_runtime_wait_forensic:{""reason"":""pce_daily_repair_boundary""}"
C:/budostudy/only_for_codex/thelatstcargo/runs/pce/20260529/pce_final,20260529,e7a52d984e7e,ba59c1dd8772,wait,top_rejected_take,wait,-13832.43,,,0,,completed_trajectory_replacement,local_greedy_replan,False,False,True,True,False,0.35,"heuristic_from_runtime_wait_forensic:{""reason"":""pce_daily_repair_boundary""}"
C:/budostudy/only_for_codex/thelatstcargo/runs/pce/20260529/pce_final,20260529,e7a52d984e7e,ba59c1dd8772,wait,top_rejected_take,wait,-13896.95,,,0,,completed_trajectory_replacement,local_greedy_replan,False,False,True,True,False,0.35,"heuristic_from_runtime_wait_forensic:{""reason"":""pce_daily_repair_boundary""}"
C:/budostudy/only_for_codex/thelatstcargo/runs/pce/20260529/pce_final,20260529,e7a52d984e7e,022ea32017a9,wait,top_rejected_take,wait,-10759.17,,,0,,completed_trajectory_replacement,local_greedy_replan,False,False,True,True,False,0.35,"heuristic_from_runtime_wait_forensic:{""reason"":""pce_daily_repair_boundary""}"
C:/budostudy/only_for_codex/thelatstcargo/runs/pce/20260529/pce_final,20260529,e7a52d984e7e,022ea32017a9,wait,top_rejected_take,wait,-10811.09,,,0,,completed_trajectory_replacement,local_greedy_replan,False,False,True,True,False,0.35,"heuristic_from_runtime_wait_forensic:{""reason"":""pce_daily_repair_boundary""}"
C:/budostudy/only_for_codex/thelatstcargo/runs/pce/20260529/pce_final,20260529,e7a52d984e7e,022ea32017a9,wait,top_rejected_take,wait,-11636.99,,,0,,completed_trajectory_replacement,local_greedy_replan,False,False,True,True,False,0.35,"heuristic_from_runtime_wait_forensic:{""reason"":""pce_daily_repair_boundary""}"
C:/budostudy/only_for_codex/thelatstcargo/runs/pce/20260529/pce_final,20260529,e7a52d984e7e,022ea32017a9,wait,top_rejected_take,wait,-12000.54,,,0,,completed_trajectory_replacement,local_greedy_replan,False,False,True,True,False,0.35,"heuristic_from_runtime_wait_forensic:{""reason"":""pce_daily_repair_boundary""}"
C:/budostudy/only_for_codex/thelatstcargo/runs/pce/20260529/pce_final,20260529,e7a52d984e7e,022ea32017a9,wait,top_rejected_take,wait,-13484.34,,,0,,completed_trajectory_replacement,local_greedy_replan,False,False,True,True,False,0.35,"heuristic_from_runtime_wait_forensic:{""reason"":""pce_daily_repair_boundary""}"
C:/budostudy/only_for_codex/thelatstcargo/runs/pce/20260529/pce_final,20260529,e7a52d984e7e,4ef0ee4c21d0,wait,top_rejected_take,wait,-11547.82,,,0,,completed_trajectory_replacement,local_greedy_replan,False,False,True,True,False,0.35,"heuristic_from_runtime_wait_forensic:{""reason"":""pce_daily_repair_boundary""}"
C:/budostudy/only_for_codex/thelatstcargo/runs/pce/20260529/pce_final,20260529,e7a52d984e7e,4ef0ee4c21d0,wait,top_rejected_take,wait,-11860.62,,,0,,completed_trajectory_replacement,local_greedy_replan,False,False,True,True,False,0.35,"heuristic_from_runtime_wait_forensic:{""reason"":""pce_daily_repair_boundary""}"
C:/budostudy/only_for_codex/thelatstcargo/runs/pce/20260529/pce_final,20260529,e7a52d984e7e,4ef0ee4c21d0,wait,top_rejected_take,wait,-12204.51,,,0,,completed_trajectory_replacement,local_greedy_replan,False,False,True,True,False,0.35,"heuristic_from_runtime_wait_forensic:{""reason"":""pce_daily_repair_boundary""}"
C:/budostudy/only_for_codex/thelatstcargo/runs/pce/20260529/pce_final,20260529,e7a52d984e7e,4ef0ee4c21d0,wait,top_rejected_take,wait,-12256.43,,,0,,completed_trajectory_replacement,local_greedy_replan,False,False,True,True,False,0.35,"heuristic_from_runtime_wait_forensic:{""reason"":""pce_daily_repair_boundary""}"
C:/budostudy/only_for_codex/thelatstcargo/runs/pce/20260529/pce_final,20260529,e7a52d984e7e,4ef0ee4c21d0,wait,top_rejected_take,wait,-13240.97,,,0,,completed_trajectory_replacement,local_greedy_replan,False,False,True,True,False,0.35,"heuristic_from_runtime_wait_forensic:{""reason"":""pce_daily_repair_boundary""}"
C:/budostudy/only_for_codex/thelatstcargo/runs/pce/20260529/pce_final,20260529,e7a52d984e7e,1721f8a36186,wait,top_rejected_take,wait,-10494.29,,,0,,completed_trajectory_replacement,local_greedy_replan,False,False,True,True,False,0.35,"heuristic_from_runtime_wait_forensic:{""reason"":""pce_daily_repair_boundary""}"
C:/budostudy/only_for_codex/thelatstcargo/runs/pce/20260529/pce_final,20260529,e7a52d984e7e,1721f8a36186,wait,top_rejected_take,wait,-10543.37,,,0,,completed_trajectory_replacement,local_greedy_replan,False,False,True,True,False,0.35,"heuristic_from_runtime_wait_forensic:{""reason"":""pce_daily_repair_boundary""}"
C:/budostudy/only_for_codex/thelatstcargo/runs/pce/20260529/pce_final,20260529,e7a52d984e7e,1721f8a36186,wait,top_rejected_take,wait,-10872.94,,,0,,completed_trajectory_replacement,local_greedy_replan,False,False,True,True,False,0.35,"heuristic_from_runtime_wait_forensic:{""reason"":""pce_daily_repair_boundary""}"
C:/budostudy/only_for_codex/thelatstcargo/runs/pce/20260529/pce_final,20260529,e7a52d984e7e,1721f8a36186,wait,top_rejected_take,wait,-11668.06,,,0,,completed_trajectory_replacement,local_greedy_replan,False,False,True,True,False,0.35,"heuristic_from_runtime_wait_forensic:{""reason"":""pce_daily_repair_boundary""}"
C:/budostudy/only_for_codex/thelatstcargo/runs/pce/20260529/pce_final,20260529,e7a52d984e7e,1721f8a36186,wait,top_rejected_take,wait,-12300.33,,,0,,completed_trajectory_replacement,local_greedy_replan,False,False,True,True,False,0.35,"heuristic_from_runtime_wait_forensic:{""reason"":""pce_daily_repair_boundary""}"
C:/budostudy/only_for_codex/thelatstcargo/runs/pce/20260529/pce_final,20260529,e7a52d984e7e,6620e78efae3,wait,top_rejected_take,wait,-11939.62,,,0,,completed_trajectory_replacement,local_greedy_replan,False,False,True,True,False,0.35,"heuristic_from_runtime_wait_forensic:{""reason"":""pce_daily_repair_boundary""}"
C:/budostudy/only_for_codex/thelatstcargo/runs/pce/20260529/pce_final,20260529,e7a52d984e7e,6620e78efae3,wait,top_rejected_take,wait,-12318.27,,,0,,completed_trajectory_replacement,local_greedy_replan,False,False,True,True,False,0.35,"heuristic_from_runtime_wait_forensic:{""reason"":""pce_daily_repair_boundary""}"
C:/budostudy/only_for_codex/thelatstcargo/runs/pce/20260529/pce_final,20260529,e7a52d984e7e,6620e78efae3,wait,top_rejected_take,wait,-13549.49,,,0,,completed_trajectory_replacement,local_greedy_replan,False,False,True,True,False,0.35,"heuristic_from_runtime_wait_forensic:{""reason"":""pce_daily_repair_boundary""}"
C:/budostudy/only_for_codex/thelatstcargo/runs/pce/20260529/pce_final,20260529,e7a52d984e7e,6620e78efae3,wait,top_rejected_take,wait,-13745.67,,,0,,completed_trajectory_replacement,local_greedy_replan,False,False,True,True,False,0.35,"heuristic_from_runtime_wait_forensic:{""reason"":""pce_daily_repair_boundary""}"
C:/budostudy/only_for_codex/thelatstcargo/runs/pce/20260529/pce_final,20260529,e7a52d984e7e,6620e78efae3,wait,top_rejected_take,wait,-13752.61,,,0,,completed_trajectory_replacement,local_greedy_replan,False,False,True,True,False,0.35,"heuristic_from_runtime_wait_forensic:{""reason"":""pce_daily_repair_boundary""}"
C:/budostudy/only_for_codex/thelatstcargo/runs/pce/20260529/pce_final,20260529,e7a52d984e7e,d3980099d234,wait,top_rejected_take,wait,-9841.21,,,0,,completed_trajectory_replacement,local_greedy_replan,False,False,True,True,False,0.35,"heuristic_from_runtime_wait_forensic:{""reason"":""pce_daily_repair_boundary""}"
C:/budostudy/only_for_codex/thelatstcargo/runs/pce/20260529/pce_final,20260529,e7a52d984e7e,d3980099d234,wait,top_rejected_take,wait,-11029.6,,,0,,completed_trajectory_replacement,local_greedy_replan,False,False,True,True,False,0.35,"heuristic_from_runtime_wait_forensic:{""reason"":""pce_daily_repair_boundary""}"
C:/budostudy/only_for_codex/thelatstcargo/runs/pce/20260529/pce_final,20260529,e7a52d984e7e,d3980099d234,wait,top_rejected_take,wait,-11271.14,,,0,,completed_trajectory_replacement,local_greedy_replan,False,False,True,True,False,0.35,"heuristic_from_runtime_wait_forensic:{""reason"":""pce_daily_repair_boundary""}"
C:/budostudy/only_for_codex/thelatstcargo/runs/pce/20260529/pce_final,20260529,e7a52d984e7e,d3980099d234,wait,top_rejected_take,wait,-11613.41,,,0,,completed_trajectory_replacement,local_greedy_replan,False,False,True,True,False,0.35,"heuristic_from_runtime_wait_forensic:{""reason"":""pce_daily_repair_boundary""}"
C:/budostudy/only_for_codex/thelatstcargo/runs/pce/20260529/pce_final,20260529,e7a52d984e7e,d3980099d234,wait,top_rejected_take,wait,-11859.9,,,0,,completed_trajectory_replacement,local_greedy_replan,False,False,True,True,False,0.35,"heuristic_from_runtime_wait_forensic:{""reason"":""pce_daily_repair_boundary""}"
C:/budostudy/only_for_codex/thelatstcargo/runs/pce/20260529/pce_final,20260529,e7a52d984e7e,581bc37a878e,wait,top_rejected_take,wait,-11844.25,,,0,,completed_trajectory_replacement,local_greedy_replan,False,False,True,True,False,0.35,"heuristic_from_runtime_wait_forensic:{""reason"":""pce_daily_repair_boundary""}"
C:/budostudy/only_for_codex/thelatstcargo/runs/pce/20260529/pce_final,20260529,e7a52d984e7e,581bc37a878e,wait,top_rejected_take,wait,-11856.56,,,0,,completed_trajectory_replacement,local_greedy_replan,False,False,True,True,False,0.35,"heuristic_from_runtime_wait_forensic:{""reason"":""pce_daily_repair_boundary""}"
C:/budostudy/only_for_codex/thelatstcargo/runs/pce/20260529/pce_final,20260529,e7a52d984e7e,581bc37a878e,wait,top_rejected_take,wait,-13058.74,,,0,,completed_trajectory_replacement,local_greedy_replan,False,False,True,True,False,0.35,"heuristic_from_runtime_wait_forensic:{""reason"":""pce_daily_repair_boundary""}"
C:/budostudy/only_for_codex/thelatstcargo/runs/pce/20260529/pce_final,20260529,e7a52d984e7e,581bc37a878e,wait,top_rejected_take,wait,-13077.3,,,0,,completed_trajectory_replacement,local_greedy_replan,False,False,True,True,False,0.35,"heuristic_from_runtime_wait_forensic:{""reason"":""pce_daily_repair_boundary""}"
C:/budostudy/only_for_codex/thelatstcargo/runs/pce/20260529/pce_final,20260529,e7a52d984e7e,581bc37a878e,wait,top_rejected_take,wait,-13305.23,,,0,,completed_trajectory_replacement,local_greedy_replan,False,False,True,True,False,0.35,"heuristic_from_runtime_wait_forensic:{""reason"":""pce_daily_repair_boundary""}"
C:/budostudy/only_for_codex/thelatstcargo/runs/pce/20260529/pce_final,20260529,e7a52d984e7e,5c245132a24a,wait,top_rejected_take,wait,-13730.24,,,0,,completed_trajectory_replacement,local_greedy_replan,False,False,True,True,False,0.35,"heuristic_from_runtime_wait_forensic:{""reason"":""pce_daily_repair_boundary""}"
C:/budostudy/only_for_codex/thelatstcargo/runs/pce/20260529/pce_final,20260529,e7a52d984e7e,5c245132a24a,wait,top_rejected_take,wait,-13953.42,,,0,,completed_trajectory_replacement,local_greedy_replan,False,False,True,True,False,0.35,"heuristic_from_runtime_wait_forensic:{""reason"":""pce_daily_repair_boundary""}"
C:/budostudy/only_for_codex/thelatstcargo/runs/pce/20260529/pce_final,20260529,e7a52d984e7e,5c245132a24a,wait,top_rejected_take,wait,-14054.32,,,0,,completed_trajectory_replacement,local_greedy_replan,False,False,True,True,False,0.35,"heuristic_from_runtime_wait_forensic:{""reason"":""pce_daily_repair_boundary""}"
C:/budostudy/only_for_codex/thelatstcargo/runs/pce/20260529/pce_final,20260529,e7a52d984e7e,5c245132a24a,wait,top_rejected_take,wait,-14202.37,,,0,,completed_trajectory_replacement,local_greedy_replan,False,False,True,True,False,0.35,"heuristic_from_runtime_wait_forensic:{""reason"":""pce_daily_repair_boundary""}"
C:/budostudy/only_for_codex/thelatstcargo/runs/pce/20260529/pce_final,20260529,e7a52d984e7e,5c245132a24a,wait,top_rejected_take,wait,-14225.95,,,0,,completed_trajectory_replacement,local_greedy_replan,False,False,True,True,False,0.35,"heuristic_from_runtime_wait_forensic:{""reason"":""pce_daily_repair_boundary""}"
C:/budostudy/only_for_codex/thelatstcargo/runs/pce/20260529/pce_final,20260529,e7a52d984e7e,e5983b12693f,wait,top_rejected_take,wait,-13999.27,,,0,,completed_trajectory_replacement,local_greedy_replan,False,False,True,True,False,0.35,"heuristic_from_runtime_wait_forensic:{""reason"":""pce_daily_repair_boundary""}"
C:/budostudy/only_for_codex/thelatstcargo/runs/pce/20260529/pce_final,20260529,e7a52d984e7e,e5983b12693f,wait,top_rejected_take,wait,-14077.1,,,0,,completed_trajectory_replacement,local_greedy_replan,False,False,True,True,False,0.35,"heuristic_from_runtime_wait_forensic:{""reason"":""pce_daily_repair_boundary""}"
C:/budostudy/only_for_codex/thelatstcargo/runs/pce/20260529/pce_final,20260529,e7a52d984e7e,e5983b12693f,wait,top_rejected_take,wait,-14122.97,,,0,,completed_trajectory_replacement,local_greedy_replan,False,False,True,True,False,0.35,"heuristic_from_runtime_wait_forensic:{""reason"":""pce_daily_repair_boundary""}"
C:/budostudy/only_for_codex/thelatstcargo/runs/pce/20260529/pce_final,20260529,e7a52d984e7e,e5983b12693f,wait,top_rejected_take,wait,-14157.83,,,0,,completed_trajectory_replacement,local_greedy_replan,False,False,True,True,False,0.35,"heuristic_from_runtime_wait_forensic:{""reason"":""pce_daily_repair_boundary""}"
C:/budostudy/only_for_codex/thelatstcargo/runs/pce/20260529/pce_final,20260529,e7a52d984e7e,e5983b12693f,wait,top_rejected_take,wait,-14189.96,,,0,,completed_trajectory_replacement,local_greedy_replan,False,False,True,True,False,0.35,"heuristic_from_runtime_wait_forensic:{""reason"":""pce_daily_repair_boundary""}"
C:/budostudy/only_for_codex/thelatstcargo/runs/pce/20260529/pce_final,20260529,e7a52d984e7e,9f284a6d0cfd,wait,top_rejected_take,wait,-11907.09,,,0,,completed_trajectory_replacement,local_greedy_replan,False,False,True,True,False,0.35,"heuristic_from_runtime_wait_forensic:{""reason"":""pce_daily_repair_boundary""}"
C:/budostudy/only_for_codex/thelatstcargo/runs/pce/20260529/pce_final,20260529,e7a52d984e7e,9f284a6d0cfd,wait,top_rejected_take,wait,-12432.71,,,0,,completed_trajectory_replacement,local_greedy_replan,False,False,True,True,False,0.35,"heuristic_from_runtime_wait_forensic:{""reason"":""pce_daily_repair_boundary""}"
C:/budostudy/only_for_codex/thelatstcargo/runs/pce/20260529/pce_final,20260529,e7a52d984e7e,9f284a6d0cfd,wait,top_rejected_take,wait,-12786.66,,,0,,completed_trajectory_replacement,local_greedy_replan,False,False,True,True,False,0.35,"heuristic_from_runtime_wait_forensic:{""reason"":""pce_daily_repair_boundary""}"
C:/budostudy/only_for_codex/thelatstcargo/runs/pce/20260529/pce_final,20260529,e7a52d984e7e,9f284a6d0cfd,wait,top_rejected_take,wait,-12969.11,,,0,,completed_trajectory_replacement,local_greedy_replan,False,False,True,True,False,0.35,"heuristic_from_runtime_wait_forensic:{""reason"":""pce_daily_repair_boundary""}"
C:/budostudy/only_for_codex/thelatstcargo/runs/pce/20260529/pce_final,20260529,e7a52d984e7e,9f284a6d0cfd,wait,top_rejected_take,wait,-13183.5,,,0,,completed_trajectory_replacement,local_greedy_replan,False,False,True,True,False,0.35,"heuristic_from_runtime_wait_forensic:{""reason"":""pce_daily_repair_boundary""}"
C:/budostudy/only_for_codex/thelatstcargo/runs/pce/20260529/pce_final,20260529,e7a52d984e7e,6c09020c5583,wait,top_rejected_take,wait,-11431.63,,,0,,completed_trajectory_replacement,local_greedy_replan,False,False,True,True,False,0.35,"heuristic_from_runtime_wait_forensic:{""reason"":""pce_daily_repair_boundary""}"
C:/budostudy/only_for_codex/thelatstcargo/runs/pce/20260529/pce_final,20260529,e7a52d984e7e,6c09020c5583,wait,top_rejected_take,wait,-12071.77,,,0,,completed_trajectory_replacement,local_greedy_replan,False,False,True,True,False,0.35,"heuristic_from_runtime_wait_forensic:{""reason"":""pce_daily_repair_boundary""}"
C:/budostudy/only_for_codex/thelatstcargo/runs/pce/20260529/pce_final,20260529,e7a52d984e7e,6c09020c5583,wait,top_rejected_take,wait,-13188.76,,,0,,completed_trajectory_replacement,local_greedy_replan,False,False,True,True,False,0.35,"heuristic_from_runtime_wait_forensic:{""reason"":""pce_daily_repair_boundary""}"
C:/budostudy/only_for_codex/thelatstcargo/runs/pce/20260529/pce_final,20260529,e7a52d984e7e,6c09020c5583,wait,top_rejected_take,wait,-13244.54,,,0,,completed_trajectory_replacement,local_greedy_replan,False,False,True,True,False,0.35,"heuristic_from_runtime_wait_forensic:{""reason"":""pce_daily_repair_boundary""}"
C:/budostudy/only_for_codex/thelatstcargo/runs/pce/20260529/pce_final,20260529,e7a52d984e7e,6c09020c5583,wait,top_rejected_take,wait,-13307.81,,,0,,completed_trajectory_replacement,local_greedy_replan,False,False,True,True,False,0.35,"heuristic_from_runtime_wait_forensic:{""reason"":""pce_daily_repair_boundary""}"
C:/budostudy/only_for_codex/thelatstcargo/runs/pce/20260529/pce_final,20260529,e7a52d984e7e,c43407ac9f19,wait,top_rejected_take,wait,-13413.81,,,0,,completed_trajectory_replacement,local_greedy_replan,False,False,True,True,False,0.35,"heuristic_from_runtime_wait_forensic:{""reason"":""pce_daily_repair_boundary""}"
C:/budostudy/only_for_codex/thelatstcargo/runs/pce/20260529/pce_final,20260529,e7a52d984e7e,c43407ac9f19,wait,top_rejected_take,wait,-13808.36,,,0,,completed_trajectory_replacement,local_greedy_replan,False,False,True,True,False,0.35,"heuristic_from_runtime_wait_forensic:{""reason"":""pce_daily_repair_boundary""}"
C:/budostudy/only_for_codex/thelatstcargo/runs/pce/20260529/pce_final,20260529,e7a52d984e7e,c43407ac9f19,wait,top_rejected_take,wait,-14127.97,,,0,,completed_trajectory_replacement,local_greedy_replan,False,False,True,True,False,0.35,"heuristic_from_runtime_wait_forensic:{""reason"":""pce_daily_repair_boundary""}"
C:/budostudy/only_for_codex/thelatstcargo/runs/pce/20260529/pce_final,20260529,e7a52d984e7e,c43407ac9f19,wait,top_rejected_take,wait,-14240.86,,,0,,completed_trajectory_replacement,local_greedy_replan,False,False,True,True,False,0.35,"heuristic_from_runtime_wait_forensic:{""reason"":""pce_daily_repair_boundary""}"
C:/budostudy/only_for_codex/thelatstcargo/runs/pce/20260529/pce_final,20260529,e7a52d984e7e,c43407ac9f19,wait,top_rejected_take,wait,-14345.48,,,0,,completed_trajectory_replacement,local_greedy_replan,False,False,True,True,False,0.35,"heuristic_from_runtime_wait_forensic:{""reason"":""pce_daily_repair_boundary""}"
C:/budostudy/only_for_codex/thelatstcargo/runs/pce/20260529/pce_final,20260529,e7a52d984e7e,1171acf64e62,wait,top_rejected_take,wait,-9850.97,,,0,,completed_trajectory_replacement,local_greedy_replan,False,False,True,True,False,0.35,"heuristic_from_runtime_wait_forensic:{""reason"":""pce_daily_repair_boundary""}"
C:/budostudy/only_for_codex/thelatstcargo/runs/pce/20260529/pce_final,20260529,e7a52d984e7e,1171acf64e62,wait,top_rejected_take,wait,-10135.7,,,0,,completed_trajectory_replacement,local_greedy_replan,False,False,True,True,False,0.35,"heuristic_from_runtime_wait_forensic:{""reason"":""pce_daily_repair_boundary""}"
C:/budostudy/only_for_codex/thelatstcargo/runs/pce/20260529/pce_final,20260529,e7a52d984e7e,1171acf64e62,wait,top_rejected_take,wait,-11273.72,,,0,,completed_trajectory_replacement,local_greedy_replan,False,False,True,True,False,0.35,"heuristic_from_runtime_wait_forensic:{""reason"":""pce_daily_repair_boundary""}"
C:/budostudy/only_for_codex/thelatstcargo/runs/pce/20260529/pce_final,20260529,e7a52d984e7e,1171acf64e62,wait,top_rejected_take,wait,-11649.84,,,0,,completed_trajectory_replacement,local_greedy_replan,False,False,True,True,False,0.35,"heuristic_from_runtime_wait_forensic:{""reason"":""pce_daily_repair_boundary""}"
C:/budostudy/only_for_codex/thelatstcargo/runs/pce/20260529/pce_final,20260529,e7a52d984e7e,1171acf64e62,wait,top_rejected_take,wait,-12123.17,,,0,,completed_trajectory_replacement,local_greedy_replan,False,False,True,True,False,0.35,"heuristic_from_runtime_wait_forensic:{""reason"":""pce_daily_repair_boundary""}"
C:/budostudy/only_for_codex/thelatstcargo/runs/pce/20260529/pce_final,20260529,e7a52d984e7e,d90022697ee5,wait,top_rejected_take,wait,-11296.3,,,0,,completed_trajectory_replacement,local_greedy_replan,False,False,True,True,False,0.35,"heuristic_from_runtime_wait_forensic:{""reason"":""pce_daily_repair_boundary""}"
C:/budostudy/only_for_codex/thelatstcargo/runs/pce/20260529/pce_final,20260529,e7a52d984e7e,d90022697ee5,wait,top_rejected_take,wait,-11581.04,,,0,,completed_trajectory_replacement,local_greedy_replan,False,False,True,True,False,0.35,"heuristic_from_runtime_wait_forensic:{""reason"":""pce_daily_repair_boundary""}"
C:/budostudy/only_for_codex/thelatstcargo/runs/pce/20260529/pce_final,20260529,e7a52d984e7e,d90022697ee5,wait,top_rejected_take,wait,-11735.9,,,0,,completed_trajectory_replacement,local_greedy_replan,False,False,True,True,False,0.35,"heuristic_from_runtime_wait_forensic:{""reason"":""pce_daily_repair_boundary""}"
C:/budostudy/only_for_codex/thelatstcargo/runs/pce/20260529/pce_final,20260529,e7a52d984e7e,d90022697ee5,wait,top_rejected_take,wait,-13085.18,,,0,,completed_trajectory_replacement,local_greedy_replan,False,False,True,True,False,0.35,"heuristic_from_runtime_wait_forensic:{""reason"":""pce_daily_repair_boundary""}"
C:/budostudy/only_for_codex/thelatstcargo/runs/pce/20260529/pce_final,20260529,e7a52d984e7e,d90022697ee5,wait,top_rejected_take,wait,-14047.29,,,0,,completed_trajectory_replacement,local_greedy_replan,False,False,True,True,False,0.35,"heuristic_from_runtime_wait_forensic:{""reason"":""pce_daily_repair_boundary""}"
C:/budostudy/only_for_codex/thelatstcargo/runs/pce/20260529/pce_final,20260529,e7a52d984e7e,7d001d823dda,wait,top_rejected_take,wait,-11565.95,,,0,,completed_trajectory_replacement,local_greedy_replan,False,False,True,True,False,0.35,"heuristic_from_runtime_wait_forensic:{""reason"":""pce_daily_repair_boundary""}"
C:/budostudy/only_for_codex/thelatstcargo/runs/pce/20260529/pce_final,20260529,e7a52d984e7e,7d001d823dda,wait,top_rejected_take,wait,-11919.86,,,0,,completed_trajectory_replacement,local_greedy_replan,False,False,True,True,False,0.35,"heuristic_from_runtime_wait_forensic:{""reason"":""pce_daily_repair_boundary""}"
C:/budostudy/only_for_codex/thelatstcargo/runs/pce/20260529/pce_final,20260529,e7a52d984e7e,7d001d823dda,wait,top_rejected_take,wait,-11936.77,,,0,,completed_trajectory_replacement,local_greedy_replan,False,False,True,True,False,0.35,"heuristic_from_runtime_wait_forensic:{""reason"":""pce_daily_repair_boundary""}"
C:/budostudy/only_for_codex/thelatstcargo/runs/pce/20260529/pce_final,20260529,e7a52d984e7e,7d001d823dda,wait,top_rejected_take,wait,-12623.0,,,0,,completed_trajectory_replacement,local_greedy_replan,False,False,True,True,False,0.35,"heuristic_from_runtime_wait_forensic:{""reason"":""pce_daily_repair_boundary""}"
C:/budostudy/only_for_codex/thelatstcargo/runs/pce/20260529/pce_final,20260529,e7a52d984e7e,7d001d823dda,wait,top_rejected_take,wait,-12752.45,,,0,,completed_trajectory_replacement,local_greedy_replan,False,False,True,True,False,0.35,"heuristic_from_runtime_wait_forensic:{""reason"":""pce_daily_repair_boundary""}"
C:/budostudy/only_for_codex/thelatstcargo/runs/pce/20260529/pce_final,20260529,e7a52d984e7e,0fd88b1b3909,wait,top_rejected_take,wait,-13011.29,,,0,,completed_trajectory_replacement,local_greedy_replan,False,False,True,True,False,0.35,"heuristic_from_runtime_wait_forensic:{""reason"":""pce_daily_repair_boundary""}"
C:/budostudy/only_for_codex/thelatstcargo/runs/pce/20260529/pce_final,20260529,e7a52d984e7e,0fd88b1b3909,wait,top_rejected_take,wait,-13355.2,,,0,,completed_trajectory_replacement,local_greedy_replan,False,False,True,True,False,0.35,"heuristic_from_runtime_wait_forensic:{""reason"":""pce_daily_repair_boundary""}"
C:/budostudy/only_for_codex/thelatstcargo/runs/pce/20260529/pce_final,20260529,e7a52d984e7e,0fd88b1b3909,wait,top_rejected_take,wait,-13358.15,,,0,,completed_trajectory_replacement,local_greedy_replan,False,False,True,True,False,0.35,"heuristic_from_runtime_wait_forensic:{""reason"":""pce_daily_repair_boundary""}"
C:/budostudy/only_for_codex/thelatstcargo/runs/pce/20260529/pce_final,20260529,e7a52d984e7e,0fd88b1b3909,wait,top_rejected_take,wait,-13379.78,,,0,,completed_trajectory_replacement,local_greedy_replan,False,False,True,True,False,0.35,"heuristic_from_runtime_wait_forensic:{""reason"":""pce_daily_repair_boundary""}"
C:/budostudy/only_for_codex/thelatstcargo/runs/pce/20260529/pce_final,20260529,e7a52d984e7e,0fd88b1b3909,wait,top_rejected_take,wait,-13382.11,,,0,,completed_trajectory_replacement,local_greedy_replan,False,False,True,True,False,0.35,"heuristic_from_runtime_wait_forensic:{""reason"":""pce_daily_repair_boundary""}"
